sequence,length,label,source_role,similarity_cluster
AVPYPQR,7,1,positive_evidence,568
YVPFP,5,0,AI4ACEIP_candidate_negative,343
VIGSPPQIN,9,1,positive_evidence,1039
DVITGA,6,1,positive_evidence,360
VLNSNAAPLPN,11,0,AI4ACEIP_candidate_negative,1308
LKQELEDLLEKQE,13,0,AI4ACEIP_candidate_negative,1418
PSDHDHE,7,0,AI4ACEIP_candidate_negative,655
PFNQLAG,7,0,AI4ACEIP_candidate_negative,647
FAQTQSLVYP,10,1,positive_evidence,876
GAAELPCSADWW,12,1,positive_evidence,1331
AYFYPELF,8,1,positive_evidence,716
PFPQPQQPI,9,0,AI4ACEIP_candidate_negative,961
AGTTGLFTPLALPYDYSH,18,1,positive_evidence,1557
AKRFFGYKRKFF,12,0,AI4ACEIP_candidate_negative,1325
LLRHVVKILEKYL,13,0,AI4ACEIP_candidate_negative,1419
AEDKKLIQ,8,0,AI4ACEIP_candidate_negative,707
NFLRF,5,0,AI4ACEIP_candidate_negative,178
VHLPP,5,1,positive_evidence,279
MYVVELMMSF,10,0,AI4ACEIP_candidate_negative,1160
EITPEKNPQLR,11,0,AI4ACEIP_candidate_negative,1252
PRKEKLCTTS,10,1,positive_evidence,1168
MNVKHWPWMK,10,1,positive_evidence,1157
RNFLR,5,0,AI4ACEIP_candidate_negative,234
DRTPALRLRF,10,0,AI4ACEIP_candidate_negative,1089
TQTPVVVPPFIQPE,14,1,positive_evidence,1482
GWNIP,5,0,AI4ACEIP_candidate_negative,73
FRVPTPN,7,1,positive_evidence,591
FFRNR,5,1,positive_evidence,51
DAQEKLE,7,0,AI4ACEIP_candidate_negative,571
LSMGASLSP,9,1,positive_evidence,951
GPMGPPGVK,9,0,AI4ACEIP_candidate_negative,911
GKKVLQ,6,1,positive_evidence,385
GPAGAPGAA,9,1,positive_evidence,908
DMCPHD,6,1,positive_evidence,358
WQWRMKALGA,10,0,AI4ACEIP_candidate_negative,1223
YLGPQY,6,0,AI4ACEIP_candidate_negative,553
YGGFLRKYPK,10,0,AI4ACEIP_candidate_negative,1228
GRLVFQ,6,0,AI4ACEIP_candidate_negative,389
TMAEYHHQDQ,10,0,AI4ACEIP_candidate_negative,1200
IIAMK,5,1,positive_evidence,92
WSVWEQELEDR,11,0,AI4ACEIP_candidate_negative,1316
KTPKI,5,0,AI4ACEIP_candidate_negative,124
KNQDK,5,0,AI4ACEIP_candidate_negative,120
EQLSTSEENSK,11,0,AI4ACEIP_candidate_negative,1253
ENGLPVHLDQSIFRRP,16,1,positive_evidence,1491
FFECSG,6,1,positive_evidence,373
INKWGIAAMAKKLL,14,0,AI4ACEIP_candidate_negative,1455
REQEEL,6,1,positive_evidence,483
PLPPHDLL,8,0,AI4ACEIP_candidate_negative,791
RQSHFANAQP,10,0,AI4ACEIP_candidate_negative,1185
FPGGPP,6,1,positive_evidence,379
SDWDRF,6,0,AI4ACEIP_candidate_negative,497
VPKNYFHDIV,10,0,AI4ACEIP_candidate_negative,1215
VVGAK,5,1,positive_evidence,298
EVTFPA,6,0,AI4ACEIP_candidate_negative,370
LWHTH,5,0,AI4ACEIP_candidate_negative,158
TDVEK,5,1,positive_evidence,252
AQIPQQ,6,0,AI4ACEIP_candidate_negative,352
SAPLRVY,7,1,positive_evidence,671
YVVFK,5,1,positive_evidence,344
LDSPSEGRAPGAD,13,1,positive_evidence,1416
SPPPFYL,7,1,positive_evidence,674
LKPTPQGN,8,1,positive_evidence,769
IVAGPQ,6,1,positive_evidence,410
PQNIPPLTQT,10,1,positive_evidence,1167
LNLPTAVYMVT,11,0,AI4ACEIP_candidate_negative,1283
RASDPLLSV,9,1,positive_evidence,1015
EEYFPVGGDRPESF,14,0,AI4ACEIP_candidate_negative,1442
IRDLEAELEAEQ,12,0,AI4ACEIP_candidate_negative,1350
PPQSVLSLSQSKVLPVPE,18,1,positive_evidence,1569
FVEPI,5,0,AI4ACEIP_candidate_negative,57
VNNFLRF,7,0,AI4ACEIP_candidate_negative,689
EDLIWK,6,0,AI4ACEIP_candidate_negative,364
SDNRNQGY,8,1,positive_evidence,810
VPLSPT,6,0,AI4ACEIP_candidate_negative,529
AIEWEGIESGSVEQA,15,0,AI4ACEIP_candidate_negative,1487
VVYFDQTQAQA,11,0,AI4ACEIP_candidate_negative,1311
GAWYY,5,0,AI4ACEIP_candidate_negative,59
LLEYSL,6,0,AI4ACEIP_candidate_negative,142
GLFKIISKLAKKA,13,0,AI4ACEIP_candidate_negative,1405
SSGFTY,6,0,AI4ACEIP_candidate_negative,503
TIGAPDGIPSAPR,13,1,positive_evidence,1435
DHHQVYSPGEQ,11,0,AI4ACEIP_candidate_negative,1247
YYLVR,5,1,positive_evidence,347
YQQND,5,0,AI4ACEIP_candidate_negative,337
LKIPLY,6,1,positive_evidence,431
SQCQAIHNVVHA,12,0,AI4ACEIP_candidate_negative,1374
LDLQR,5,0,AI4ACEIP_candidate_negative,129
WYLHYA,6,1,positive_evidence,545
FIGTLIPLALGALTKLFK,18,0,AI4ACEIP_candidate_negative,1558
INTLSGR,7,1,positive_evidence,614
ISSMGILVCL,10,1,positive_evidence,1133
KIHPFAQTQSLVYP,14,1,positive_evidence,1343
LPPPV,5,0,AI4ACEIP_candidate_negative,148
EVMAGNYLPG,10,1,positive_evidence,1101
TPCPPQ,6,1,positive_evidence,513
GIEALKYHNMDLGTARGY,18,0,AI4ACEIP_candidate_negative,1561
VNGSEKSKF,9,1,positive_evidence,1042
KAVPQ,5,1,positive_evidence,113
LLPHHADADY,10,0,AI4ACEIP_candidate_negative,1145
NRYHE,5,0,AI4ACEIP_candidate_negative,186
KGPPGEIGR,9,0,AI4ACEIP_candidate_negative,935
CRQNTLGHNTQTSIAQ,16,1,positive_evidence,1514
NGPLQAGQPGER,12,0,AI4ACEIP_candidate_negative,1362
PFNQL,5,0,AI4ACEIP_candidate_negative,191
ENLLRFFVAPFPEVFG,16,1,positive_evidence,1515
QRPQQPFPQ,9,0,AI4ACEIP_candidate_negative,1010
ENLHLPLP,8,1,positive_evidence,643
WDDMEK,6,0,AI4ACEIP_candidate_negative,540
ISCDKF,6,0,AI4ACEIP_candidate_negative,407
GLFDIVKGIKSLF,13,0,AI4ACEIP_candidate_negative,1402
KENPVLSLVNGMF,13,1,positive_evidence,1415
ALCSEK,6,0,AI4ACEIP_candidate_negative,351
PKAVHE,6,0,AI4ACEIP_candidate_negative,464
FLPPVT,6,0,AI4ACEIP_candidate_negative,377
IRAMPVAV,8,1,positive_evidence,751
AYEES,5,1,positive_evidence,21
DKVGINYW,8,1,positive_evidence,574
SVNVPL,6,0,AI4ACEIP_candidate_negative,506
GPFPIIV,7,1,positive_evidence,600
VPITPT,6,0,AI4ACEIP_candidate_negative,528
WKLLSKAQEKFGKNKSR,17,0,AI4ACEIP_candidate_negative,1555
LVCYPQ,6,0,AI4ACEIP_candidate_negative,444
DKVGINY,7,1,positive_evidence,574
LPPPPLPPLA,10,0,AI4ACEIP_candidate_negative,1148
MDATALHYENQK,12,1,positive_evidence,1360
ETPDCFWKYCV,11,0,AI4ACEIP_candidate_negative,1254
ANVST,5,0,AI4ACEIP_candidate_negative,14
SRYPS,5,1,positive_evidence,248
PFAQTQSLVYP,11,1,positive_evidence,876
RDMPIQAF,8,1,positive_evidence,805
MIKLRSTAKN,10,0,AI4ACEIP_candidate_negative,1156
TDGGLLE,7,0,AI4ACEIP_candidate_negative,679
VTPALR,6,1,positive_evidence,535
MHQPPQPL,8,0,AI4ACEIP_candidate_negative,781
EIPKT,5,0,AI4ACEIP_candidate_negative,38
YPLSL,5,0,AI4ACEIP_candidate_negative,330
AKSCQ,5,1,positive_evidence,6
AEINMPDY,8,0,AI4ACEIP_candidate_negative,708
ICNIMC,6,0,AI4ACEIP_candidate_negative,399
VKKTC,5,1,positive_evidence,283
YINQMPQKSREA,12,1,positive_evidence,1318
ILPWKWPWWPWRR,13,0,AI4ACEIP_candidate_negative,1413
APRKSSRWCT,10,0,AI4ACEIP_candidate_negative,1076
YYDPL,5,0,AI4ACEIP_candidate_negative,345
SPYCYG,6,1,positive_evidence,501
AADNANELFPPN,12,0,AI4ACEIP_candidate_negative,1322
LLPVIGNLLKSSLG,14,0,AI4ACEIP_candidate_negative,1463
FFGVRCVSP,9,1,positive_evidence,896
VQVTSTAV,8,1,positive_evidence,842
ALSAF,5,0,AI4ACEIP_candidate_negative,12
NMAINPSKENLCSTFCK,17,1,positive_evidence,1547
VYPFPGPI,8,1,positive_evidence,846
VYHEL,5,1,positive_evidence,301
VHHANEN,7,0,AI4ACEIP_candidate_negative,685
LDAVNR,6,0,AI4ACEIP_candidate_negative,423
RPNYTDA,7,0,AI4ACEIP_candidate_negative,670
VRKGQ,5,1,positive_evidence,291
PDHHMMYF,8,0,AI4ACEIP_candidate_negative,788
ALGGA,5,1,positive_evidence,10
AIRQGDVF,8,0,AI4ACEIP_candidate_negative,710
IHPFAQTQSLVYP,13,1,positive_evidence,1343
CAGVSAIR,8,0,AI4ACEIP_candidate_negative,718
AHEPVK,6,1,positive_evidence,349
GEHGGAGMGGGQFQPV,16,1,positive_evidence,1519
IFWLFRGKADVAL,13,0,AI4ACEIP_candidate_negative,1410
PFPQPQEPI,9,0,AI4ACEIP_candidate_negative,961
RMLGQYPYK,9,1,positive_evidence,1020
IIVTQTMK,8,1,positive_evidence,750
WYGPD,5,0,AI4ACEIP_candidate_negative,309
WQVLPNAVPAK,11,1,positive_evidence,1315
VKCFR,5,1,positive_evidence,281
HERDPTHIKWGD,12,1,positive_evidence,1339
MILMR,5,0,AI4ACEIP_candidate_negative,168
GPGGFI,6,0,AI4ACEIP_candidate_negative,386
VYLPRM,6,1,positive_evidence,302
GNRNFLR,7,0,AI4ACEIP_candidate_negative,599
IVGGFPHYL,9,0,AI4ACEIP_candidate_negative,930
TAAIVNTA,8,0,AI4ACEIP_candidate_negative,818
GHKIATFQQR,10,1,positive_evidence,1111
DTGSDKKQL,9,1,positive_evidence,886
YPFVVN,6,0,AI4ACEIP_candidate_negative,325
LAYFYPEL,8,1,positive_evidence,765
AFPGS,5,1,positive_evidence,0
GMWKKILGKLIR,12,0,AI4ACEIP_candidate_negative,1334
QEPVLGPVRGPFP,13,1,positive_evidence,1426
VIPVGGSSALGA,12,0,AI4ACEIP_candidate_negative,1378
LEEFCC,6,1,positive_evidence,425
KVREEY,6,1,positive_evidence,417
ACVRACVRACVRACV,15,0,AI4ACEIP_candidate_negative,1486
NKWKKILGKIIKVVK,15,0,AI4ACEIP_candidate_negative,1503
ALNEINQFYQK,11,1,positive_evidence,873
QHEAT,5,1,positive_evidence,217
FVAPFPEVF,9,1,positive_evidence,900
RKWLHFW,7,0,AI4ACEIP_candidate_negative,668
LAPPTM,6,1,positive_evidence,421
IIFGVIKALSG,11,0,AI4ACEIP_candidate_negative,1270
VTKFYF,6,0,AI4ACEIP_candidate_negative,296
THDWWKER,8,1,positive_evidence,820
IPAGV,5,1,positive_evidence,100
PPQSVLSLSQSKVLPVPQ,18,1,positive_evidence,1569
IYPSFQPQPLIYP,13,1,positive_evidence,1385
CFNEYE,6,0,AI4ACEIP_candidate_negative,355
VTKFYFQ,7,0,AI4ACEIP_candidate_negative,692
FACAAWQWRMKKLGA,15,0,AI4ACEIP_candidate_negative,1492
KVSVVPS,7,0,AI4ACEIP_candidate_negative,625
NLAPFL,6,1,positive_evidence,458
RALPIDVL,8,0,AI4ACEIP_candidate_negative,804
YLGYLEQLLR,10,1,positive_evidence,1235
VRLPT,5,1,positive_evidence,292
LAVYPWT,7,0,AI4ACEIP_candidate_negative,627
PFPQPQLPF,9,0,AI4ACEIP_candidate_negative,962
QLGFLGPR,8,1,positive_evidence,799
GKKIATYQER,10,1,positive_evidence,937
YSEMPPGK,8,0,AI4ACEIP_candidate_negative,861
YPWTQRFF,8,0,AI4ACEIP_candidate_negative,858
RWQWRWQAR,9,0,AI4ACEIP_candidate_negative,1028
PPPLP,5,0,AI4ACEIP_candidate_negative,199
RLLRLLRRLLRLLR,14,0,AI4ACEIP_candidate_negative,1476
MIFPGGPQL,9,1,positive_evidence,956
GYYPT,5,0,AI4ACEIP_candidate_negative,75
FFVAP,5,1,positive_evidence,52
LYEGY,5,0,AI4ACEIP_candidate_negative,159
QVQWPQQQPFPQPQQPF,17,0,AI4ACEIP_candidate_negative,1551
TPPAGPDGGPP,11,1,positive_evidence,1304
HEFPGVVVGANDD,13,1,positive_evidence,1407
LDNFR,5,0,AI4ACEIP_candidate_negative,130
IKKIVSKIKKLLK,13,0,AI4ACEIP_candidate_negative,1411
YYAKPAAVR,9,1,positive_evidence,1064
PLHDATRDLVRRRRRRRR,18,0,AI4ACEIP_candidate_negative,1568
PSIPA,5,1,positive_evidence,201
ELEELNVPGE,10,1,positive_evidence,1095
TTMPLW,6,1,positive_evidence,515
GEQQQQPGMTR,11,0,AI4ACEIP_candidate_negative,1258
CRRETAWAC,9,0,AI4ACEIP_candidate_negative,881
LCCQHLWQIPEQ,12,0,AI4ACEIP_candidate_negative,1354
YVNDAATLLPR,11,1,positive_evidence,1321
IVPNSVEQKH,10,1,positive_evidence,1135
YLLYLIRKLIL,11,0,AI4ACEIP_candidate_negative,1289
YCNGKRVCVCRG,12,0,AI4ACEIP_candidate_negative,1084
TGLKP,5,1,positive_evidence,255
EFLLAGNNKR,10,0,AI4ACEIP_candidate_negative,1093
VVGGDGDV,8,0,AI4ACEIP_candidate_negative,845
NFHPQ,5,0,AI4ACEIP_candidate_negative,177
RPDFDLEPPY,10,0,AI4ACEIP_candidate_negative,1183
FAGDDAPRR,9,1,positive_evidence,893
QSLVYP,6,1,positive_evidence,479
LVYPFPGP,8,1,positive_evidence,778
FISAIASMLGKFL,13,0,AI4ACEIP_candidate_negative,1398
FVAPFPEVFGKEKVNE,16,1,positive_evidence,1517
VLLPDEVSGL,10,1,positive_evidence,1214
HPFAQTQSLVYP,12,1,positive_evidence,1343
LECIRA,6,0,AI4ACEIP_candidate_negative,424
RSFLRF,6,0,AI4ACEIP_candidate_negative,486
IQSEPKAIP,9,1,positive_evidence,802
PSKYEPFV,8,0,AI4ACEIP_candidate_negative,797
YSFGL,5,0,AI4ACEIP_candidate_negative,340
GQFNDKRWIPFG,12,0,AI4ACEIP_candidate_negative,1335
IYPFPGPIH,9,0,AI4ACEIP_candidate_negative,932
GPIGPPSGGFD,11,1,positive_evidence,1262
GCETR,5,1,positive_evidence,60
RPQIPP,6,1,positive_evidence,490
PQHQFPQPT,9,0,AI4ACEIP_candidate_negative,973
KRRPPTT,7,1,positive_evidence,622
FVVAPFPEVF,10,1,positive_evidence,900
QKPFPQQPPF,10,0,AI4ACEIP_candidate_negative,1178
QETTGVEGPKGDT,13,0,AI4ACEIP_candidate_negative,1427
YANPAVVRP,9,1,positive_evidence,1056
MPVQA,5,0,AI4ACEIP_candidate_negative,175
LLPHHH,6,0,AI4ACEIP_candidate_negative,143
GTFAIIQ,7,0,AI4ACEIP_candidate_negative,604
WLGHGGRPDHE,11,1,positive_evidence,1314
IIAPTPVPAAH,11,1,positive_evidence,1269
EMPFPKYPVEP,11,1,positive_evidence,1158
TPEVDDEALEK,11,0,AI4ACEIP_candidate_negative,1201
VVVVPH,6,0,AI4ACEIP_candidate_negative,536
VIPMGL,6,0,AI4ACEIP_candidate_negative,521
WYQQVPGSGL,10,1,positive_evidence,1226
WQIPEQSQCQAI,12,0,AI4ACEIP_candidate_negative,1384
QNGRFY,6,0,AI4ACEIP_candidate_negative,181
LLSPFWNINA,10,0,AI4ACEIP_candidate_negative,1146
YPIPF,5,0,AI4ACEIP_candidate_negative,326
PQQQFPQQM,9,0,AI4ACEIP_candidate_negative,984
CTLEW,5,0,AI4ACEIP_candidate_negative,24
PFPQQPFPQ,9,0,AI4ACEIP_candidate_negative,965
QQPQHQFPQ,9,0,AI4ACEIP_candidate_negative,1000
TSQLLSDQ,8,0,AI4ACEIP_candidate_negative,825
GLFDAIGNLLGGLGLG,16,0,AI4ACEIP_candidate_negative,1520
QCQQAVQSAV,10,0,AI4ACEIP_candidate_negative,1174
FNVPLYEFSY,10,1,positive_evidence,1107
HAEIN,5,1,positive_evidence,76
LGPLGHQ,7,1,positive_evidence,630
NGMTY,5,0,AI4ACEIP_candidate_negative,180
EVPKA,5,1,positive_evidence,46
AWQWRWQWR,9,0,AI4ACEIP_candidate_negative,880
FPQHCNYQQQPQTFPQPF,18,0,AI4ACEIP_candidate_negative,1559
TSNLLT,6,0,AI4ACEIP_candidate_negative,514
VVVGDGAVGK,10,1,positive_evidence,1218
DYGLYP,6,1,positive_evidence,316
PVVVPPFLQ,9,1,positive_evidence,988
YTDAPSF,7,1,positive_evidence,701
PYPQQPYPS,9,0,AI4ACEIP_candidate_negative,989
PSITCVRAAF,10,0,AI4ACEIP_candidate_negative,1170
WYGPDRPKFL,10,1,positive_evidence,1225
YYAPFDGIL,9,1,positive_evidence,1065
KKWWKKK,7,0,AI4ACEIP_candidate_negative,619
QYDQGV,6,0,AI4ACEIP_candidate_negative,480
LPTSEAAKY,9,0,AI4ACEIP_candidate_negative,949
AWQSLQSGW,9,0,AI4ACEIP_candidate_negative,879
HIAGKSSIFRA,11,0,AI4ACEIP_candidate_negative,1265
SPVVPF,6,0,AI4ACEIP_candidate_negative,500
WGLETAGSVVLLDLQ,15,0,AI4ACEIP_candidate_negative,1512
MIPAY,5,1,positive_evidence,169
PSHDAHPE,8,0,AI4ACEIP_candidate_negative,796
LQDKIHP,7,1,positive_evidence,634
QPFPSQQPYLQLQP,14,0,AI4ACEIP_candidate_negative,1472
LNVPGE,6,1,positive_evidence,437
GHKIATFQER,10,1,positive_evidence,1111
VFEWAFAR,8,1,positive_evidence,836
QTPRY,5,0,AI4ACEIP_candidate_negative,220
PYFNK,5,0,AI4ACEIP_candidate_negative,208
YVHPFHL,7,0,AI4ACEIP_candidate_negative,702
ILELA,5,0,AI4ACEIP_candidate_negative,96
PTHGAW,6,1,positive_evidence,471
GLFDIVKKVVGTIAGL,16,0,AI4ACEIP_candidate_negative,1521
EQIDNLQ,7,1,positive_evidence,582
GRGDS,5,0,AI4ACEIP_candidate_negative,67
VLAQYK,6,1,positive_evidence,523
PHHADS,6,0,AI4ACEIP_candidate_negative,463
IYPVPEPS,8,0,AI4ACEIP_candidate_negative,754
VSPHLP,6,0,AI4ACEIP_candidate_negative,534
WQWRAKKLGA,10,0,AI4ACEIP_candidate_negative,1222
RRLSYSRRRF,10,0,AI4ACEIP_candidate_negative,1186
YPISL,5,0,AI4ACEIP_candidate_negative,327
LSGYGP,6,0,AI4ACEIP_candidate_negative,441
LKGYGGVSLPEW,12,1,positive_evidence,1355
MLVFAV,6,1,positive_evidence,448
FFVAPFEVFGK,11,1,positive_evidence,1255
VPFGVG,6,1,positive_evidence,527
QQPYPQQPY,9,0,AI4ACEIP_candidate_negative,996
GLFDVIKKVASVIGGLG,17,1,positive_evidence,1539
ASQSIWLPGWL,11,1,positive_evidence,1246
AVLVDKQCPD,10,0,AI4ACEIP_candidate_negative,1082
SSGFTMQ,7,0,AI4ACEIP_candidate_negative,675
VEELKP,6,1,positive_evidence,518
AQTQSLVYP,9,1,positive_evidence,876
VHLAP,5,1,positive_evidence,277
FNPFPSPHTP,10,0,AI4ACEIP_candidate_negative,1106
LVAPAN,6,1,positive_evidence,443
YPFPGPIPNSL,11,1,positive_evidence,1320
GCTLN,5,0,AI4ACEIP_candidate_negative,61
QQQKQQQQPSSQVS,14,0,AI4ACEIP_candidate_negative,1474
SGQYFL,6,0,AI4ACEIP_candidate_negative,498
PGLPKK,6,1,positive_evidence,461
VECYGPNRPQF,11,1,positive_evidence,1307
LVYPFPGPIPNSLPQN,16,1,positive_evidence,1467
KPSSPPEE,8,0,AI4ACEIP_candidate_negative,760
HGEGGRSTHE,10,1,positive_evidence,1124
VKVLLEHPVL,10,0,AI4ACEIP_candidate_negative,1212
RFVVAPFPE,9,0,AI4ACEIP_candidate_negative,1016
YQEVLGPVRGPFPIIV,16,1,positive_evidence,1437
ESTVPERTHPACPDFN,16,0,AI4ACEIP_candidate_negative,1516
QSWMHQPHQPLPPTVM,16,1,positive_evidence,1532
PHAHF,5,0,AI4ACEIP_candidate_negative,192
SFQPQPLIYP,10,1,positive_evidence,898
YGIKVGYAIP,10,1,positive_evidence,1229
KEEKFE,6,0,AI4ACEIP_candidate_negative,412
LNPPHQIYP,9,1,positive_evidence,783
RKWHLFW,7,0,AI4ACEIP_candidate_negative,666
TGGGNV,6,1,positive_evidence,509
SFNLPILR,8,0,AI4ACEIP_candidate_negative,813
PSITCVARAF,10,0,AI4ACEIP_candidate_negative,1169
FFGFN,5,0,AI4ACEIP_candidate_negative,50
AFPRS,5,1,positive_evidence,1
GVPLT,5,0,AI4ACEIP_candidate_negative,71
DVFNPR,6,0,AI4ACEIP_candidate_negative,359
FLGWLFKVASK,11,0,AI4ACEIP_candidate_negative,1256
TTENVLFG,8,1,positive_evidence,826
GPPGAP,6,1,positive_evidence,388
KTCENLADTY,10,0,AI4ACEIP_candidate_negative,1140
NPPHQIYP,8,1,positive_evidence,783
AGILKRW,7,0,AI4ACEIP_candidate_negative,561
IFGAIWKGISSLL,13,0,AI4ACEIP_candidate_negative,1409
LHLPLR,6,1,positive_evidence,429
MDGAP,5,0,AI4ACEIP_candidate_negative,164
VVSNFGKTVFDGVL,14,0,AI4ACEIP_candidate_negative,1484
IPPLTQTPV,9,1,positive_evidence,794
IYPFVE,6,0,AI4ACEIP_candidate_negative,111
KFHSGIQSEPKAIP,14,1,positive_evidence,1397
NKDVAM,6,1,positive_evidence,457
SSIQSQPQAFT,11,1,positive_evidence,1189
PTGPNNGLSY,10,0,AI4ACEIP_candidate_negative,1171
GRGDSPK,7,0,AI4ACEIP_candidate_negative,602
QGLQGLPGT,9,0,AI4ACEIP_candidate_negative,992
YLGSGY,6,0,AI4ACEIP_candidate_negative,554
AELQVVDHLGQTV,13,0,AI4ACEIP_candidate_negative,1389
LQAFEPLR,8,0,AI4ACEIP_candidate_negative,774
FGERR,5,0,AI4ACEIP_candidate_negative,53
PQAFP,5,1,positive_evidence,200
YGGVSLPEW,9,1,positive_evidence,1061
HFEAMR,6,1,positive_evidence,394
YGYTGA,6,0,AI4ACEIP_candidate_negative,550
IEFPR,5,1,positive_evidence,84
KVLPG,5,1,positive_evidence,125
RKSSK,5,0,AI4ACEIP_candidate_negative,232
SQSKVLPVPQ,10,1,positive_evidence,1194
WYSLAM,6,1,positive_evidence,546
VRWCT,5,1,positive_evidence,294
QSEPKAIP,8,1,positive_evidence,802
TCLRW,5,1,positive_evidence,251
VTDFYF,6,0,AI4ACEIP_candidate_negative,295
LNENLLRFFVAPFPEVFG,18,1,positive_evidence,1515
PFPQPQQTF,9,0,AI4ACEIP_candidate_negative,964
QLAQIPR,7,0,AI4ACEIP_candidate_negative,659
PGVLPVA,7,1,positive_evidence,649
LVDTGRGPIMY,11,0,AI4ACEIP_candidate_negative,1285
FVAPAGTINY,10,0,AI4ACEIP_candidate_negative,1109
PQTQQPQQQ,9,0,AI4ACEIP_candidate_negative,979
LVNPHDHQN,9,0,AI4ACEIP_candidate_negative,955
YGLYP,5,1,positive_evidence,316
NHRNRMMDHVH,11,1,positive_evidence,1292
GNFLRF,6,0,AI4ACEIP_candidate_negative,178
YAKPVA,6,1,positive_evidence,547
LDAQSAPLR,9,1,positive_evidence,940
WQWRSKKLGA,10,0,AI4ACEIP_candidate_negative,1222
EPQPLIYP,8,1,positive_evidence,654
ACDCRGDCFCG,11,0,AI4ACEIP_candidate_negative,1244
QFPQQPQQI,9,0,AI4ACEIP_candidate_negative,966
ITDFQILE,8,0,AI4ACEIP_candidate_negative,753
QQPFPQRPQ,9,0,AI4ACEIP_candidate_negative,997
TTFHTSGY,8,1,positive_evidence,827
FAGDDAPRA,9,1,positive_evidence,893
NSLKMKKSCH,10,0,AI4ACEIP_candidate_negative,1164
YAEERYPIL,9,1,positive_evidence,1055
VEVGGGARAP,10,0,AI4ACEIP_candidate_negative,1207
YWVTSGPK,8,0,AI4ACEIP_candidate_negative,863
NPAVVRP,7,1,positive_evidence,645
KVREGT,6,1,positive_evidence,418
IYPFVEPIPY,10,0,AI4ACEIP_candidate_negative,1137
ARHPHPHLSFM,11,0,AI4ACEIP_candidate_negative,1079
KHNRGDEF,8,0,AI4ACEIP_candidate_negative,756
EDENNPFYLR,10,1,positive_evidence,1092
LRTLPM,6,0,AI4ACEIP_candidate_negative,440
YPFVEP,6,1,positive_evidence,324
YPTSL,5,0,AI4ACEIP_candidate_negative,333
YVEEL,5,0,AI4ACEIP_candidate_negative,341
HISPFSPRL,9,0,AI4ACEIP_candidate_negative,919
FFVAPFPQVFGF,12,1,positive_evidence,1328
LLSQTPRY,8,1,positive_evidence,772
QEVLP,5,1,positive_evidence,214
LSKAQSDFG,9,0,AI4ACEIP_candidate_negative,950
IFENLQN,7,1,positive_evidence,612
REPKW,5,0,AI4ACEIP_candidate_negative,223
NQFLP,5,1,positive_evidence,185
GYGGVSLPEWVCTTF,15,0,AI4ACEIP_candidate_negative,1494
DPAQPNYPWTAVLVFRH,17,1,positive_evidence,1536
NEGLTW,6,0,AI4ACEIP_candidate_negative,453
FRAEHPL,7,1,positive_evidence,587
WKRIVRIIRWIRKYY,15,0,AI4ACEIP_candidate_negative,1513
YSFGG,5,0,AI4ACEIP_candidate_negative,339
VGGRP,5,0,AI4ACEIP_candidate_negative,275
KAQYPYV,7,1,positive_evidence,617
EQRPR,5,0,AI4ACEIP_candidate_negative,44
IVRDPNGMGAW,11,1,positive_evidence,1271
TLVGR,5,1,positive_evidence,260
GVNGEEGVPG,10,1,positive_evidence,1122
MPPPLPTRVDFSLAGALN,18,0,AI4ACEIP_candidate_negative,1566
YEDCTDCGN,9,0,AI4ACEIP_candidate_negative,1058
GLLGMVGSLLGGLGLG,16,0,AI4ACEIP_candidate_negative,1522
GEEFGAFTPK,10,0,AI4ACEIP_candidate_negative,1110
YLYEIARR,8,1,positive_evidence,852
PQPQLPFPQ,9,0,AI4ACEIP_candidate_negative,976
DPVAPGGPQP,10,1,positive_evidence,1087
KAVPYPQ,7,1,positive_evidence,618
TEFHLL,6,0,AI4ACEIP_candidate_negative,508
IKKILSKIKKLLK,13,0,AI4ACEIP_candidate_negative,1411
YHIEPV,6,0,AI4ACEIP_candidate_negative,551
LHPGDAQR,8,1,positive_evidence,767
QWDRQ,5,0,AI4ACEIP_candidate_negative,221
LGPVRGPFP,9,1,positive_evidence,944
RKPKV,5,0,AI4ACEIP_candidate_negative,230
GAFGPGGLVGRP,12,1,positive_evidence,1332
VLKMAGNSFQEN,12,0,AI4ACEIP_candidate_negative,1380
FEITPEKNPQ,10,0,AI4ACEIP_candidate_negative,1105
RKWFHLW,7,0,AI4ACEIP_candidate_negative,663
LNLQDF,6,1,positive_evidence,435
LKLLKKLLKKLLKLL,15,0,AI4ACEIP_candidate_negative,1500
KDQGSYEDF,9,1,positive_evidence,934
LPWRPATNVF,10,1,positive_evidence,1149
MILLLFR,7,1,positive_evidence,641
ENFIRF,6,0,AI4ACEIP_candidate_negative,367
FLGALFKWASK,11,0,AI4ACEIP_candidate_negative,1256
APKSPPK,7,1,positive_evidence,565
TPEVDDEALKE,11,1,positive_evidence,1201
GGNYVGVP,8,0,AI4ACEIP_candidate_negative,740
HLPLPLVQSW,10,1,positive_evidence,1125
QQPFPQQPY,9,0,AI4ACEIP_candidate_negative,996
PPHMGGP,7,1,positive_evidence,652
KVSVVAL,7,0,AI4ACEIP_candidate_negative,624
PAGNFLMNGLMHR,13,1,positive_evidence,1425
VLGPVRGPFPIIV,13,1,positive_evidence,1437
KGYGGVSLPEW,11,1,positive_evidence,1061
YPSYGLNY,8,0,AI4ACEIP_candidate_negative,857
QKEFLLAGNNK,11,0,AI4ACEIP_candidate_negative,1297
GSGGL,5,0,AI4ACEIP_candidate_negative,69
HCQRPR,6,0,AI4ACEIP_candidate_negative,393
SPFWNINAHS,10,0,AI4ACEIP_candidate_negative,1193
HTVQCMFQ,8,0,AI4ACEIP_candidate_negative,746
SFLLRNPNDKYEPF,14,0,AI4ACEIP_candidate_negative,1479
LVVYPWTQRF,10,1,positive_evidence,1049
GVRGRGRIV,9,1,positive_evidence,915
PTHIKWGD,8,1,positive_evidence,656
AEERYP,6,0,AI4ACEIP_candidate_negative,34
LHELLHLLHELLHL,14,0,AI4ACEIP_candidate_negative,1462
GYLEQ,5,0,AI4ACEIP_candidate_negative,74
TKKTKLTEEEKNRL,14,1,positive_evidence,1481
LVYPFP,6,1,positive_evidence,447
VPPFLQPEV,9,1,positive_evidence,1044
LHSMK,5,0,AI4ACEIP_candidate_negative,135
KDLQL,5,0,AI4ACEIP_candidate_negative,116
GPGAGTPGGA,10,1,positive_evidence,1118
SCQAQPTTMAR,11,0,AI4ACEIP_candidate_negative,1300
SKPHT,5,1,positive_evidence,244
MIFPGAGGPEL,11,1,positive_evidence,1288
WVESQTNGIIK,11,0,AI4ACEIP_candidate_negative,1317
FVAPFP,6,1,positive_evidence,268
FFVAPFPEVFGK,12,1,positive_evidence,1255
YRGGLEPINF,10,1,positive_evidence,1239
HSGIQSEPKAIP,12,1,positive_evidence,1112
RRQRRRRMRKDK,12,1,positive_evidence,1373
QLPFPQQPQ,9,0,AI4ACEIP_candidate_negative,993
GAWYYVPL,8,1,positive_evidence,738
REWFTFLK,8,1,positive_evidence,808
QKALNEINQF,10,1,positive_evidence,1177
TYKEE,5,1,positive_evidence,265
NYDKNFLRF,9,0,AI4ACEIP_candidate_negative,960
DVPSERYLG,9,1,positive_evidence,888
ARYLPT,6,0,AI4ACEIP_candidate_negative,238
RNFLRF,6,0,AI4ACEIP_candidate_negative,178
LKPNM,5,1,positive_evidence,139
KHDRGDEF,8,0,AI4ACEIP_candidate_negative,756
PTHIAW,6,1,positive_evidence,204
GVQEGAGHYALL,12,1,positive_evidence,1338
VVLYR,5,1,positive_evidence,299
RRARGERMSRRK,12,1,positive_evidence,1372
IVGRRRHQG,9,1,positive_evidence,931
LVYIIQGR,8,0,AI4ACEIP_candidate_negative,777
LNGDVW,6,0,AI4ACEIP_candidate_negative,434
PTHIKWD,7,1,positive_evidence,656
LIYPFVEPI,9,0,AI4ACEIP_candidate_negative,779
IASGEPTSTPT,11,1,positive_evidence,1267
QNLLRF,6,1,positive_evidence,369
WGAPSL,6,0,AI4ACEIP_candidate_negative,542
APRKNVAWCT,10,0,AI4ACEIP_candidate_negative,1070
GPRPP,5,0,AI4ACEIP_candidate_negative,65
SPFLQSAAFQLRN,13,0,AI4ACEIP_candidate_negative,1432
AGTTCLFTPLALPYDYSH,18,1,positive_evidence,1557
VTVNPYKWLP,10,1,positive_evidence,1217
AFVGYVLP,8,1,positive_evidence,709
VKSVVAL,7,0,AI4ACEIP_candidate_negative,687
VHSSIQSQPQAFT,13,1,positive_evidence,1344
YPFVVNA,7,0,AI4ACEIP_candidate_negative,699
TKCEVFRE,8,0,AI4ACEIP_candidate_negative,821
INNQFLPYPYYAKPAAVR,18,1,positive_evidence,1563
TKPIE,5,0,AI4ACEIP_candidate_negative,258
IQAEAGLTEV,10,0,AI4ACEIP_candidate_negative,1131
LVVYPWTQR,9,1,positive_evidence,776
RLPSEFDLSAFLRA,14,1,positive_evidence,1477
SVMPVVA,7,0,AI4ACEIP_candidate_negative,677
DLDHYSF,7,0,AI4ACEIP_candidate_negative,575
KLSDW,5,0,AI4ACEIP_candidate_negative,119
QGPPGPAGPA,10,0,AI4ACEIP_candidate_negative,1175
GLFDRVKKRKSLF,13,0,AI4ACEIP_candidate_negative,1404
GVHGV,5,1,positive_evidence,70
DRVYIHPFHL,10,1,positive_evidence,1090
DVENLHLPLPLLQSW,15,1,positive_evidence,1490
LAYFYP,6,1,positive_evidence,422
INYWL,5,1,positive_evidence,99
IETWNPNNKP,10,0,AI4ACEIP_candidate_negative,1127
LLPHH,5,0,AI4ACEIP_candidate_negative,143
ICRDL,5,1,positive_evidence,82
KIHPFAQT,8,1,positive_evidence,757
QYPQPQQPI,9,0,AI4ACEIP_candidate_negative,1014
ACNLPRMC,8,1,positive_evidence,704
IFVPH,5,0,AI4ACEIP_candidate_negative,88
LLLLLIRKLIK,11,0,AI4ACEIP_candidate_negative,1282
HLPPPVHLPPPV,12,0,AI4ACEIP_candidate_negative,1341
APVPP,5,1,positive_evidence,15
QLLKLK,6,1,positive_evidence,474
YFDEQNEQFR,10,0,AI4ACEIP_candidate_negative,1227
YPFPG,5,0,AI4ACEIP_candidate_negative,322
VLPVPQKVVPQ,11,1,positive_evidence,1309
KVPPKA,6,1,positive_evidence,416
AWEEREQGSR,10,0,AI4ACEIP_candidate_negative,1083
GAAGAAP,7,1,positive_evidence,593
PLPLL,5,1,positive_evidence,197
LGPVRGPFPI,10,1,positive_evidence,944
KKYNVPQL,8,1,positive_evidence,758
VVYPD,5,0,AI4ACEIP_candidate_negative,300
VTCDILSVEAKGVKLG,16,0,AI4ACEIP_candidate_negative,1535
DSGVT,5,0,AI4ACEIP_candidate_negative,31
AWPQYL,6,0,AI4ACEIP_candidate_negative,354
MVGSAPGVL,9,1,positive_evidence,957
FRDEHKK,7,0,AI4ACEIP_candidate_negative,588
VEKIGGASSRGE,12,0,AI4ACEIP_candidate_negative,1376
PYPYY,5,0,AI4ACEIP_candidate_negative,209
IQWCA,5,1,positive_evidence,105
EECHAH,6,1,positive_evidence,365
GSAGY,5,1,positive_evidence,68
WKVIP,5,1,positive_evidence,307
YLGYLE,6,1,positive_evidence,555
INDPF,5,1,positive_evidence,97
RLSGQTIEVTSEYLFRH,17,1,positive_evidence,1552
PVLGPVRGPF,10,1,positive_evidence,1172
RWQWRAQWR,9,0,AI4ACEIP_candidate_negative,1026
EIEIDNAHKET,11,0,AI4ACEIP_candidate_negative,1251
YGGFLR,6,0,AI4ACEIP_candidate_negative,314
LLEYS,5,0,AI4ACEIP_candidate_negative,142
FHSGIQSEPKAIP,13,1,positive_evidence,1397
GSAGPAGPSGPRGP,14,1,positive_evidence,1452
RKQEEDEDEEQQRE,14,0,AI4ACEIP_candidate_negative,1475
MYPLPR,6,0,AI4ACEIP_candidate_negative,329
KRDSY,5,0,AI4ACEIP_candidate_negative,121
ILLPGAQDGL,10,1,positive_evidence,1129
NIPPLTQTPVVVPPFIQ,17,1,positive_evidence,1546
YIFHLMD,7,0,AI4ACEIP_candidate_negative,697
FRPRIMTP,8,0,AI4ACEIP_candidate_negative,735
KRLRRVWRRWR,11,0,AI4ACEIP_candidate_negative,1277
RKQDKR,6,0,AI4ACEIP_candidate_negative,231
VGGSDLQALK,10,0,AI4ACEIP_candidate_negative,1209
RKNVY,5,0,AI4ACEIP_candidate_negative,229
CYFQNCPRG,9,0,AI4ACEIP_candidate_negative,882
GVPKVKETMVPK,12,1,positive_evidence,1337
MPIQA,5,0,AI4ACEIP_candidate_negative,173
VQKATY,6,1,positive_evidence,532
LLGAVASMGALLCAP,15,1,positive_evidence,1501
LADGVAAPA,9,1,positive_evidence,938
DETRL,5,0,AI4ACEIP_candidate_negative,27
DYLRSC,6,1,positive_evidence,362
PYVRYL,6,1,positive_evidence,473
AGWNIP,6,0,AI4ACEIP_candidate_negative,3
FHERDPTHIKWGD,13,1,positive_evidence,1339
MHIRL,5,0,AI4ACEIP_candidate_negative,166
PPLTQTPV,8,1,positive_evidence,794
DAYPSGA,7,1,positive_evidence,572
LFDKPVSPL,9,1,positive_evidence,731
NENLLRFFVAPFPE,14,1,positive_evidence,1468
FPLEMMPF,8,0,AI4ACEIP_candidate_negative,733
SGGSYADELVSTAK,14,1,positive_evidence,1480
AGGFR,5,0,AI4ACEIP_candidate_negative,2
VTSTGPVGH,9,1,positive_evidence,1047
RQLAGP,6,1,positive_evidence,491
FEDYVPLSCF,10,1,positive_evidence,1104
AIPVNKPGRF,10,1,positive_evidence,1068
IHVTET,6,1,positive_evidence,403
GPEGPAGAR,9,1,positive_evidence,909
GPPGTDGAP,9,1,positive_evidence,912
AMKPW,5,1,positive_evidence,13
YIEAVNKVSPRAGQF,15,1,positive_evidence,1495
LQSGDALRVPSGTTYY,16,0,AI4ACEIP_candidate_negative,1524
PTHIKW,6,1,positive_evidence,204
VKRRGQDCIHGFCSD,15,0,AI4ACEIP_candidate_negative,1511
IIENGEKWS,9,0,AI4ACEIP_candidate_negative,924
IVGFPAYGH,9,1,positive_evidence,929
YGFIL,5,0,AI4ACEIP_candidate_negative,313
TPLPLAGPPR,10,1,positive_evidence,1202
PPEIN,5,1,positive_evidence,198
WQWRGKKLGA,10,0,AI4ACEIP_candidate_negative,1222
LVYPFTGPIPN,11,1,positive_evidence,1287
HVLSRAPR,8,0,AI4ACEIP_candidate_negative,747
GFPGTPGLPGF,11,1,positive_evidence,1259
LAGNPHQQQQN,11,0,AI4ACEIP_candidate_negative,1278
DLVKVEA,7,0,AI4ACEIP_candidate_negative,576
PQPFPQQPI,9,0,AI4ACEIP_candidate_negative,974
KYLGPQY,7,0,AI4ACEIP_candidate_negative,553
LSERRMLLRKEKQAQ,15,1,positive_evidence,1502
PTPVP,5,1,positive_evidence,205
LEHLLEHLEHLLEH,14,0,AI4ACEIP_candidate_negative,1461
QQRRLLRRK,9,1,positive_evidence,1007
YPFSL,5,0,AI4ACEIP_candidate_negative,323
FDEQE,5,0,AI4ACEIP_candidate_negative,49
APGAGVY,7,1,positive_evidence,564
RNDDLNYIQ,9,1,positive_evidence,1021
TATGLLE,7,0,AI4ACEIP_candidate_negative,678
VDKEA,5,1,positive_evidence,271
PGPLGLTGP,9,1,positive_evidence,968
IQQGN,5,0,AI4ACEIP_candidate_negative,103
IFPFVEPI,8,0,AI4ACEIP_candidate_negative,749
EGPKLVAS,8,1,positive_evidence,726
AFPAGAAHW,9,1,positive_evidence,869
GLFDIIKKIAESIG,14,0,AI4ACEIP_candidate_negative,1448
TTMLIQDEDDLEMA,14,1,positive_evidence,1483
VVALALI,7,0,AI4ACEIP_candidate_negative,693
YYQQKPVA,8,0,AI4ACEIP_candidate_negative,864
MLELDPLNNLPRM,13,0,AI4ACEIP_candidate_negative,1423
VHIPP,5,1,positive_evidence,276
KSFGSSNI,8,0,AI4ACEIP_candidate_negative,761
IDNPNYK,7,1,positive_evidence,611
WVAPLK,6,0,AI4ACEIP_candidate_negative,544
GRGSVPAPGP,10,1,positive_evidence,1120
NRKQDK,6,0,AI4ACEIP_candidate_negative,231
LQGMP,5,0,AI4ACEIP_candidate_negative,152
AESSQIDTGSK,11,0,AI4ACEIP_candidate_negative,1245
GSIFVPH,7,0,AI4ACEIP_candidate_negative,603
SSAPMF,6,1,positive_evidence,502
IPAQK,5,1,positive_evidence,101
QFPQQQIPV,9,0,AI4ACEIP_candidate_negative,990
QVSLLQQFFL,10,0,AI4ACEIP_candidate_negative,1181
TRDQQ,5,1,positive_evidence,263
LKKISQ,6,1,positive_evidence,432
SRGLPGME,8,0,AI4ACEIP_candidate_negative,815
PQEVLP,6,1,positive_evidence,214
KEGGLGPL,8,1,positive_evidence,755
KKYKVPQ,7,1,positive_evidence,620
KALPMHIRLAF,11,1,positive_evidence,1273
IQKEDVPSER,10,1,positive_evidence,1132
PQPYPQQPY,9,0,AI4ACEIP_candidate_negative,983
RPKHPI,6,1,positive_evidence,489
VTRGDSPA,8,0,AI4ACEIP_candidate_negative,844
YGFGG,5,0,AI4ACEIP_candidate_negative,312
VLYRDG,6,1,positive_evidence,526
SAGNPN,6,0,AI4ACEIP_candidate_negative,495
TVGMTAFK,8,1,positive_evidence,829
QEQVPLVQQQQF,12,0,AI4ACEIP_candidate_negative,1366
FQLGASPY,8,0,AI4ACEIP_candidate_negative,734
EFFDVSNELFQ,11,0,AI4ACEIP_candidate_negative,1249
KNWKKILKKIIKVVK,15,0,AI4ACEIP_candidate_negative,1497
NVPGEIVE,8,1,positive_evidence,785
FLDALLKTVDCN,12,0,AI4ACEIP_candidate_negative,1329
QQHPQQPQ,8,0,AI4ACEIP_candidate_negative,800
DDQIHIF,7,1,positive_evidence,573
IGYNQ,5,1,positive_evidence,90
QITEGEDGGG,10,0,AI4ACEIP_candidate_negative,1176
YQQPVLGPVR,10,1,positive_evidence,1238
KVLAGM,6,1,positive_evidence,415
VAPFPEV,7,1,positive_evidence,682
LLLQLIRKLIL,11,0,AI4ACEIP_candidate_negative,1282
KAEEEYPDL,9,1,positive_evidence,933
LNLQDFR,7,1,positive_evidence,435
YVLSR,5,0,AI4ACEIP_candidate_negative,342
CSQAPLA,7,0,AI4ACEIP_candidate_negative,570
ENGLPVHLDQSIFRR,15,1,positive_evidence,1491
IGKGG,5,1,positive_evidence,89
VAWKL,5,1,positive_evidence,269
GAPGPAGPGGIPGERG,16,1,positive_evidence,1518
EEDDA,5,1,positive_evidence,33
HPHPHLSFMAIPP,13,0,AI4ACEIP_candidate_negative,1408
GNPVGGVGHGTTGT,14,1,positive_evidence,1451
SAEHGSLH,8,0,AI4ACEIP_candidate_negative,809
LAGKPQQEHSGEHQ,14,1,positive_evidence,1459
AIGVGAIER,9,1,positive_evidence,871
VRPEK,5,1,positive_evidence,293
LTTLDSE,7,0,AI4ACEIP_candidate_negative,636
DKPTL,5,0,AI4ACEIP_candidate_negative,30
DKIYPSFQPQPLIYP,15,1,positive_evidence,1489
AVFPSIVGR,9,1,positive_evidence,878
FTESQS,6,1,positive_evidence,381
SRYPSY,6,0,AI4ACEIP_candidate_negative,239
LPQNIPPL,8,1,positive_evidence,773
PKHKEMPFPPKYPVEPFT,18,1,positive_evidence,1567
QQQQQQFPQ,9,0,AI4ACEIP_candidate_negative,1006
GPDRPKFLGPF,11,1,positive_evidence,1261
RWQWRWAWR,9,0,AI4ACEIP_candidate_negative,1027
AQQLAAQLPAMCR,13,1,positive_evidence,1391
PAVVRP,6,1,positive_evidence,19
MPPPLP,6,1,positive_evidence,174
YQKFP,5,0,AI4ACEIP_candidate_negative,336
GQKSVPEVR,9,1,positive_evidence,913
LRENNKLMLLELK,13,1,positive_evidence,1420
NSLKAKKSCH,10,0,AI4ACEIP_candidate_negative,1164
TVTNPARIA,9,1,positive_evidence,1036
VKEAMAPK,8,1,positive_evidence,838
QLDAYPSGAWYYVP,14,1,positive_evidence,1471
TAGTGGGQFQPMR,13,0,AI4ACEIP_candidate_negative,1433
LPLPL,5,0,AI4ACEIP_candidate_negative,146
PVDENDEG,8,0,AI4ACEIP_candidate_negative,798
NYKQM,5,0,AI4ACEIP_candidate_negative,187
EQGFLPGPEESGR,13,1,positive_evidence,1395
VKITVDDKHY,10,1,positive_evidence,1211
HNAPNPGLPYAA,12,0,AI4ACEIP_candidate_negative,1342
QEEVN,5,1,positive_evidence,212
LDIQK,5,1,positive_evidence,128
YPLDL,5,1,positive_evidence,328
DPYKLRP,7,1,positive_evidence,578
RGDWR,5,0,AI4ACEIP_candidate_negative,224
PQQQQPFPQ,9,0,AI4ACEIP_candidate_negative,986
TPWVPPFLQP,10,1,positive_evidence,1203
WSVPQPK,7,1,positive_evidence,507
YPLPR,5,0,AI4ACEIP_candidate_negative,329
NAPLPPPLKH,10,0,AI4ACEIP_candidate_negative,1161
PTHIW,5,1,positive_evidence,204
GPRGPA,6,0,AI4ACEIP_candidate_negative,64
EAPGGYDD,8,1,positive_evidence,723
APRANVAWCT,10,0,AI4ACEIP_candidate_negative,1074
NWGQFHGGW,9,0,AI4ACEIP_candidate_negative,959
VVAPFPEVF,9,1,positive_evidence,900
NGRAHA,6,0,AI4ACEIP_candidate_negative,454
HQIYP,5,1,positive_evidence,80
QQLPQFEEIRNL,12,0,AI4ACEIP_candidate_negative,1369
RDMPIQ,6,0,AI4ACEIP_candidate_negative,482
RYLPT,5,0,AI4ACEIP_candidate_negative,238
ALEPDHR,7,0,AI4ACEIP_candidate_negative,562
YIPIQYVL,8,1,positive_evidence,851
VGPAGRPG,8,1,positive_evidence,837
YLYEIA,6,1,positive_evidence,556
DDLPR,5,0,AI4ACEIP_candidate_negative,25
APPTPPPLPP,10,0,AI4ACEIP_candidate_negative,1073
PYSFK,5,0,AI4ACEIP_candidate_negative,210
SQLALTNPT,9,0,AI4ACEIP_candidate_negative,1031
QQQQLPQQH,9,0,AI4ACEIP_candidate_negative,1005
SDRNFLRF,8,0,AI4ACEIP_candidate_negative,811
LVGDEQAVPAVCVP,14,0,AI4ACEIP_candidate_negative,1465
LLAPPER,7,0,AI4ACEIP_candidate_negative,631
DEDDD,5,0,AI4ACEIP_candidate_negative,26
PVRAVP,6,1,positive_evidence,472
HPINHR,6,0,AI4ACEIP_candidate_negative,396
QRNNPY,6,0,AI4ACEIP_candidate_negative,478
MPDAHL,6,0,AI4ACEIP_candidate_negative,449
GATGPAGYV,9,1,positive_evidence,903
GIPGERGPVGPSG,13,1,positive_evidence,1401
TPRVF,5,1,positive_evidence,261
IVGRPRHQG,9,1,positive_evidence,931
QQPFPPQQE,9,0,AI4ACEIP_candidate_negative,995
VLPIPQ,6,1,positive_evidence,285
KAAVT,5,0,AI4ACEIP_candidate_negative,112
VLPIP,5,1,positive_evidence,285
EILDV,5,0,AI4ACEIP_candidate_negative,37
HVCYMF,6,0,AI4ACEIP_candidate_negative,397
SNAAC,5,0,AI4ACEIP_candidate_negative,246
ITTNP,5,1,positive_evidence,107
IEAEGE,6,0,AI4ACEIP_candidate_negative,400
RKEVY,5,0,AI4ACEIP_candidate_negative,228
YGKHVAVHAR,10,1,positive_evidence,1230
LYKNG,5,1,positive_evidence,160
QQPFPQQPI,9,0,AI4ACEIP_candidate_negative,974
FFVAPFPFEVFGK,13,1,positive_evidence,1255
GKWKSLLKHILK,12,0,AI4ACEIP_candidate_negative,1333
LSSLEMGSLGALFVCM,16,1,positive_evidence,1525
VRTPEVDD,8,1,positive_evidence,843
MPFPKY,6,1,positive_evidence,450
ASPKPSSA,8,0,AI4ACEIP_candidate_negative,714
NVPGEIVESL,10,1,positive_evidence,1165
LSMGSASLSP,10,1,positive_evidence,951
MITLAIPVNKPGR,13,0,AI4ACEIP_candidate_negative,1422
RLFLRF,6,0,AI4ACEIP_candidate_negative,486
AFKDEDTEEVPFR,13,1,positive_evidence,1390
GLLALLGELAEHLGSKI,17,0,AI4ACEIP_candidate_negative,1540
LHLPLPL,7,1,positive_evidence,429
PSGQYY,6,1,positive_evidence,468
GLTGRPGDAGPQGK,14,1,positive_evidence,1449
RADHPF,6,1,positive_evidence,481
WQARMKKAGA,10,0,AI4ACEIP_candidate_negative,1220
KFFPS,5,0,AI4ACEIP_candidate_negative,118
IGNTLI,6,1,positive_evidence,402
VIGSPPEIN,9,1,positive_evidence,1039
EPDRY,5,0,AI4ACEIP_candidate_negative,41
YYIVS,5,0,AI4ACEIP_candidate_negative,346
ADASVLPK,8,0,AI4ACEIP_candidate_negative,705
GLGMIAHGV,9,0,AI4ACEIP_candidate_negative,906
DLSDGEQGVL,10,0,AI4ACEIP_candidate_negative,1086
EIAKLM,6,1,positive_evidence,366
VFDGEL,6,0,AI4ACEIP_candidate_negative,520
QPLPPT,6,0,AI4ACEIP_candidate_negative,476
YQEPVLGPVRGPFPIIV,17,1,positive_evidence,1556
LEIVPK,6,1,positive_evidence,426
FVAPFPEVFG,10,1,positive_evidence,900
SYLPPLTT,8,0,AI4ACEIP_candidate_negative,817
KPYVFRATGAL,11,0,AI4ACEIP_candidate_negative,1276
YNILSGFDTEL,11,0,AI4ACEIP_candidate_negative,1319
GQLGEHGGAGMG,12,1,positive_evidence,1336
LGFEY,5,0,AI4ACEIP_candidate_negative,132
FVSACSVAG,9,1,positive_evidence,901
FLPLIGRVLSGILG,14,0,AI4ACEIP_candidate_negative,1400
NIQFNEQKAL,10,1,positive_evidence,1163
LVNDLVTPVFDNL,13,1,positive_evidence,1421
VKETT,5,1,positive_evidence,282
QLLLQQ,6,1,positive_evidence,475
DLTFPA,6,0,AI4ACEIP_candidate_negative,357
LAPPG,5,1,positive_evidence,126
KRIHF,5,0,AI4ACEIP_candidate_negative,122
ASPAPAGLSY,10,0,AI4ACEIP_candidate_negative,1080
IEFEQ,5,1,positive_evidence,83
EDLDED,6,0,AI4ACEIP_candidate_negative,363
AYIASKGL,8,1,positive_evidence,717
WPERPPQIP,9,1,positive_evidence,1053
GPIGSVGAP,9,1,positive_evidence,910
IFVPA,5,1,positive_evidence,87
FLPLIGKVLSGIL,13,0,AI4ACEIP_candidate_negative,1400
IYLGQ,5,0,AI4ACEIP_candidate_negative,110
QQPFVQQQQPFVQQ,14,0,AI4ACEIP_candidate_negative,1473
YQEPVLGPVRGPF,13,1,positive_evidence,1426
DHGNMLYF,8,0,AI4ACEIP_candidate_negative,721
GLFDIVKKLVSDF,13,0,AI4ACEIP_candidate_negative,1403
HLPLPLL,7,1,positive_evidence,608
AGFAGDDAPR,10,0,AI4ACEIP_candidate_negative,1067
LEELLHHLEELLHH,14,0,AI4ACEIP_candidate_negative,1460
GVQVETISPGDGRTFPK,17,0,AI4ACEIP_candidate_negative,1541
EPPPPEPPPI,10,1,positive_evidence,1097
PQQQIPQPQ,9,0,AI4ACEIP_candidate_negative,985
VDTFPA,6,0,AI4ACEIP_candidate_negative,517
DHTKE,5,0,AI4ACEIP_candidate_negative,29
LTDLENLHLP,10,1,positive_evidence,1152
PFPQPQQPT,9,0,AI4ACEIP_candidate_negative,963
VIQKYP,6,1,positive_evidence,522
VPSIDDQEELM,11,0,AI4ACEIP_candidate_negative,1310
PTHIKWG,7,1,positive_evidence,656
KDERF,5,1,positive_evidence,114
RYFPT,5,1,positive_evidence,237
LPESVHLDK,9,1,positive_evidence,948
INKKI,5,0,AI4ACEIP_candidate_negative,98
LIVGFPAYGH,10,1,positive_evidence,929
YQEPVLQPVR,10,1,positive_evidence,1237
TIIPLPV,7,1,positive_evidence,680
IPPLTQ,6,1,positive_evidence,406
KSSQSVFYSSNNKNYLA,17,0,AI4ACEIP_candidate_negative,1542
LEYSI,5,0,AI4ACEIP_candidate_negative,131
YPSYGLNYY,9,1,positive_evidence,857
QSLTL,5,1,positive_evidence,219
ETSGMKPTEL,10,1,positive_evidence,1098
SDGFQF,6,0,AI4ACEIP_candidate_negative,496
LVYPFPGPIHNSLP,14,1,positive_evidence,1467
EILDVPST,8,0,AI4ACEIP_candidate_negative,727
GLPLNLP,7,1,positive_evidence,597
EERYP,5,0,AI4ACEIP_candidate_negative,34
HGPLGPL,7,0,AI4ACEIP_candidate_negative,606
ADVFNPR,7,1,positive_evidence,359
VLPVPQKAVPQ,11,1,positive_evidence,1309
YGKPVAVPAR,10,1,positive_evidence,1231
IAYKPAG,7,1,positive_evidence,610
EGGSF,5,1,positive_evidence,35
VEIPE,5,0,AI4ACEIP_candidate_negative,273
NYVADGLG,8,1,positive_evidence,786
LLPSY,5,1,positive_evidence,144
NGRFY,5,0,AI4ACEIP_candidate_negative,181
TMFPSA,6,0,AI4ACEIP_candidate_negative,512
VLPEI,5,1,positive_evidence,284
GKGEGGGGLA,10,0,AI4ACEIP_candidate_negative,1114
PAGPR,5,1,positive_evidence,189
NIFYCP,6,1,positive_evidence,455
TPSPR,5,1,positive_evidence,262
VLYEE,5,0,AI4ACEIP_candidate_negative,287
NYPSD,5,0,AI4ACEIP_candidate_negative,188
ELVGV,5,1,positive_evidence,40
LQALHQGQIV,10,0,AI4ACEIP_candidate_negative,1150
LTQTPVVPP,9,1,positive_evidence,954
YGFLPILP,8,1,positive_evidence,850
PVLKD,5,1,positive_evidence,206
VNRNFLRF,8,0,AI4ACEIP_candidate_negative,689
TCRGLERA,8,1,positive_evidence,819
IILHQQQKQQQQ,12,0,AI4ACEIP_candidate_negative,1348
AKLEK,5,1,positive_evidence,4
PQGPIGVP,8,0,AI4ACEIP_candidate_negative,795
RMLGQTPWK,9,1,positive_evidence,1019
GPSMR,5,1,positive_evidence,66
PKIDAMREKVLA,12,1,positive_evidence,1364
WDTRGQ,6,0,AI4ACEIP_candidate_negative,541
YPELF,5,0,AI4ACEIP_candidate_negative,321
KVLPVPQ,7,1,positive_evidence,623
APRKAARWCT,10,0,AI4ACEIP_candidate_negative,1075
EWFKMRRWQW,10,0,AI4ACEIP_candidate_negative,1102
QQPQQQFPQ,9,0,AI4ACEIP_candidate_negative,1000
MTPPLP,6,0,AI4ACEIP_candidate_negative,451
AGALGDSVTVTR,12,1,positive_evidence,1323
YSEEQQPSTR,10,0,AI4ACEIP_candidate_negative,1240
GALAAH,6,0,AI4ACEIP_candidate_negative,382
IKPLNY,6,1,positive_evidence,404
YLAGKPQQEH,10,0,AI4ACEIP_candidate_negative,1234
FCLYELAR,8,1,positive_evidence,730
KHIQKEDVPSER,12,1,positive_evidence,1132
ARHPHPHLSF,10,1,positive_evidence,1079
LLCIALRKK,9,0,AI4ACEIP_candidate_negative,945
MRKDQ,5,1,positive_evidence,176
QQQQFPQPQ,9,0,AI4ACEIP_candidate_negative,1004
QIPQTQQPQ,9,0,AI4ACEIP_candidate_negative,991
VLPYP,5,1,positive_evidence,286
ASYDTKF,7,1,positive_evidence,566
TAQVTSTEV,9,1,positive_evidence,1034
NQSYSFSKASLNVSYKN,17,0,AI4ACEIP_candidate_negative,1548
FVAGK,5,0,AI4ACEIP_candidate_negative,56
TYQTF,5,0,AI4ACEIP_candidate_negative,266
MAGVDHI,7,0,AI4ACEIP_candidate_negative,639
FQPQPLIYP,9,1,positive_evidence,898
INKVVR,6,1,positive_evidence,405
YIQKEDVPSER,11,0,AI4ACEIP_candidate_negative,1132
GPRPPP,6,0,AI4ACEIP_candidate_negative,65
EWFKARRWQW,10,0,AI4ACEIP_candidate_negative,1102
LTFPGSAED,9,0,AI4ACEIP_candidate_negative,952
RPKHPIKHQGLPQEV,15,1,positive_evidence,1431
VYNEGLPAP,9,1,positive_evidence,1050
GHIITVAR,8,1,positive_evidence,741
TEFTK,5,0,AI4ACEIP_candidate_negative,253
QNALIVRYTR,10,1,positive_evidence,1179
LLMLDNDLPP,10,1,positive_evidence,1143
LQPHQ,5,1,positive_evidence,153
PQPQEPIPQ,9,0,AI4ACEIP_candidate_negative,975
WMLPSYSPY,9,0,AI4ACEIP_candidate_negative,1052
ISSTVSLKM,9,0,AI4ACEIP_candidate_negative,927
EVLIQ,5,1,positive_evidence,45
FPGLADR,7,0,AI4ACEIP_candidate_negative,585
NIIPA,5,1,positive_evidence,182
FSGGE,5,0,AI4ACEIP_candidate_negative,55
WIHNENQGF,9,0,AI4ACEIP_candidate_negative,1051
KDVPP,5,1,positive_evidence,117
WQWRCKKLGA,10,0,AI4ACEIP_candidate_negative,1222
RQFLRF,6,0,AI4ACEIP_candidate_negative,486
YLLVR,5,1,positive_evidence,318
PIQQQPHQF,9,0,AI4ACEIP_candidate_negative,971
AVLVDKNCPD,10,0,AI4ACEIP_candidate_negative,1082
VPNSYP,6,0,AI4ACEIP_candidate_negative,530
DLDLRKDLYAN,11,1,positive_evidence,1248
FVLPH,5,0,AI4ACEIP_candidate_negative,58
AVESTVATL,9,1,positive_evidence,877
LPYPR,5,0,AI4ACEIP_candidate_negative,151
IEKPP,5,1,positive_evidence,85
ISAAEFGK,8,0,AI4ACEIP_candidate_negative,752
WGHGNPHV,8,1,positive_evidence,847
RWAEK,5,1,positive_evidence,236
NPPSV,5,1,positive_evidence,184
GPAGPPGVPGL,11,0,AI4ACEIP_candidate_negative,1260
LCNGS,5,1,positive_evidence,127
IAPFGIFGTN,10,0,AI4ACEIP_candidate_negative,1126
STVATL,6,0,AI4ACEIP_candidate_negative,505
EGLPPRPKIPP,11,1,positive_evidence,1250
WEGPK,5,0,AI4ACEIP_candidate_negative,304
DLRPDNAKA,9,1,positive_evidence,884
QELPG,5,1,positive_evidence,213
GFPGP,5,0,AI4ACEIP_candidate_negative,62
LSPQSY,6,1,positive_evidence,442
FQQPVVGPA,9,1,positive_evidence,899
VAHINVGK,8,1,positive_evidence,831
PQPYPQQPF,9,0,AI4ACEIP_candidate_negative,983
IHETT,5,1,positive_evidence,91
VPLGTQYTDAPSFSDIP,17,0,AI4ACEIP_candidate_negative,1554
LDIQKEV,7,0,AI4ACEIP_candidate_negative,628
PFPQPQQPQ,9,0,AI4ACEIP_candidate_negative,963
ELFTT,5,1,positive_evidence,39
SPPEIN,6,1,positive_evidence,198
IKLPP,5,1,positive_evidence,95
VRRFPWWWPFLRR,13,0,AI4ACEIP_candidate_negative,1439
HVVNFTPRL,9,0,AI4ACEIP_candidate_negative,921
GMPGFDVR,8,0,AI4ACEIP_candidate_negative,743
GMWSKILGKLIR,12,0,AI4ACEIP_candidate_negative,1334
VPYPQRDMPIQA,12,1,positive_evidence,1382
HNLDTQTESDV,11,0,AI4ACEIP_candidate_negative,1266
QFLLAGR,7,0,AI4ACEIP_candidate_negative,658
PVEPFTESQ,9,1,positive_evidence,987
EPKAIP,6,1,positive_evidence,195
AGWNI,5,0,AI4ACEIP_candidate_negative,3
VPSGK,5,0,AI4ACEIP_candidate_negative,289
YLNVVTRPRF,10,0,AI4ACEIP_candidate_negative,1236
AKYCY,5,1,positive_evidence,7
KKFALKLFWWK,11,0,AI4ACEIP_candidate_negative,1275
LAPSTIK,7,1,positive_evidence,626
LPVPQ,5,0,AI4ACEIP_candidate_negative,150
EPAWSNLGIW,10,0,AI4ACEIP_candidate_negative,1096
PSNPP,5,1,positive_evidence,203
TRGKQ,5,1,positive_evidence,264
QPPPAPGPGT,10,0,AI4ACEIP_candidate_negative,1180
LNPGAGLPRGPNGADTF,17,1,positive_evidence,1543
LPYPYY,6,1,positive_evidence,209
VLSRYPS,7,0,AI4ACEIP_candidate_negative,525
LEDALDGERDT,11,0,AI4ACEIP_candidate_negative,1279
GLWKILKKGA,10,0,AI4ACEIP_candidate_negative,1117
LYQQP,5,1,positive_evidence,161
VENLHLPLPL,10,1,positive_evidence,1206
MLPAY,5,1,positive_evidence,170
PQPQQQLPL,9,0,AI4ACEIP_candidate_negative,981
LLLAHLL,7,1,positive_evidence,632
SVDGKEDLIW,10,0,AI4ACEIP_candidate_negative,1195
GASRHWYFL,9,1,positive_evidence,902
LVAYPWT,7,0,AI4ACEIP_candidate_negative,637
SKVWRHWRRFWHRAHRKL,18,0,AI4ACEIP_candidate_negative,1571
LRKAQEKFGKNKSQSFQL,18,0,AI4ACEIP_candidate_negative,1564
VAWRNRCKGTD,11,1,positive_evidence,1306
PVSHDHAPEY,10,0,AI4ACEIP_candidate_negative,1173
VLPVLS,6,1,positive_evidence,524
QGQQGYYPTSPQ,12,0,AI4ACEIP_candidate_negative,1367
LGLNGDDVN,9,0,AI4ACEIP_candidate_negative,943
LTFPG,5,1,positive_evidence,156
GIPLPLI,7,1,positive_evidence,595
PYPQQPQQQ,9,0,AI4ACEIP_candidate_negative,979
LGAVPPRY,8,1,positive_evidence,766
ASVRT,5,1,positive_evidence,16
AWIRGCRL,8,1,positive_evidence,715
IGDEPLANYL,10,1,positive_evidence,1128
YPWSL,5,0,AI4ACEIP_candidate_negative,335
LQYIR,5,1,positive_evidence,154
PTHVAW,6,1,positive_evidence,471
IVTNWDDMEK,10,1,positive_evidence,1136
IASGEPTSTPTTEA,14,1,positive_evidence,1454
SLVDAIGMGP,10,0,AI4ACEIP_candidate_negative,1192
LGDARNSPAPP,11,1,positive_evidence,1281
PQPQQPFPW,9,0,AI4ACEIP_candidate_negative,977
PKAIP,5,1,positive_evidence,195
LNSPAY,6,1,positive_evidence,436
RKWHFLW,7,0,AI4ACEIP_candidate_negative,665
KDGEA,5,0,AI4ACEIP_candidate_negative,115
KVLPVPEK,8,0,AI4ACEIP_candidate_negative,762
GPIGPP,6,1,positive_evidence,387
YPKLAPNE,8,0,AI4ACEIP_candidate_negative,855
WHNVSGSP,8,0,AI4ACEIP_candidate_negative,848
EFVAPFPEVFGK,12,1,positive_evidence,1255
PFPQPQQQF,9,0,AI4ACEIP_candidate_negative,964
GVGAGY,6,1,positive_evidence,390
YQEPVLGPVRG,11,1,positive_evidence,1237
THEATHEAP,9,1,positive_evidence,1035
GYYPTS,6,0,AI4ACEIP_candidate_negative,75
FLPFNQL,7,0,AI4ACEIP_candidate_negative,584
KVHSSIQSQPQAFT,14,1,positive_evidence,1344
HVRETALV,8,0,AI4ACEIP_candidate_negative,748
SMRKPPG,7,0,AI4ACEIP_candidate_negative,673
GIISHR,6,0,AI4ACEIP_candidate_negative,384
RKLGRPL,7,0,AI4ACEIP_candidate_negative,662
GPVRGPFPII,10,1,positive_evidence,1119
VISDEDGVTH,10,1,positive_evidence,1210
YPQRDMPIQ,9,1,positive_evidence,1062
PAGPVG,6,1,positive_evidence,460
PNNKPFQ,7,1,positive_evidence,651
PFVKSEPIPETNNE,14,0,AI4ACEIP_candidate_negative,1470
DIKQME,6,1,positive_evidence,356
LNVPGEIVE,9,1,positive_evidence,785
QSQPQAFP,8,1,positive_evidence,803
PMDYMVT,7,0,AI4ACEIP_candidate_negative,650
IARDSAAVF,9,1,positive_evidence,922
YVTASPHLR,9,1,positive_evidence,1063
RPPPAQAPAP,10,0,AI4ACEIP_candidate_negative,1184
PPAYPPPPVP,10,0,AI4ACEIP_candidate_negative,1166
AFNIHNRNLL,10,0,AI4ACEIP_candidate_negative,1066
VTGRFAGHPAAQ,12,1,positive_evidence,1383
GKWMSLLKHILK,12,0,AI4ACEIP_candidate_negative,1333
ADKNFLRF,8,0,AI4ACEIP_candidate_negative,706
VELYP,5,1,positive_evidence,274
YQQKPVAL,8,1,positive_evidence,860
QLQPFPQQQLPY,12,0,AI4ACEIP_candidate_negative,1368
PQPLIYP,7,1,positive_evidence,654
FAGGTSGSGV,10,0,AI4ACEIP_candidate_negative,1103
WEPFP,5,1,positive_evidence,305
IEPQG,5,1,positive_evidence,86
EYPDKRPM,8,0,AI4ACEIP_candidate_negative,728
DDTGHDFEDTGEAM,14,1,positive_evidence,1440
QPQPLIYP,8,1,positive_evidence,654
ITDFQI,6,0,AI4ACEIP_candidate_negative,409
PSVQDAAAQISADVKK,16,0,AI4ACEIP_candidate_negative,1531
PKNYP,5,0,AI4ACEIP_candidate_negative,196
LHLPLL,6,1,positive_evidence,429
RMLGNTPTK,9,1,positive_evidence,1018
TVFDGELR,8,0,AI4ACEIP_candidate_negative,828
CCGNAVPQ,8,1,positive_evidence,719
RNEQMGAGRLGRLRK,15,1,positive_evidence,1509
GVQGPM,6,1,positive_evidence,392
ARGPQLRLRF,10,0,AI4ACEIP_candidate_negative,1078
DQVFPMNPPK,10,1,positive_evidence,1088
QVPQPIP,7,1,positive_evidence,661
MMVPI,5,1,positive_evidence,172
QQPQQPLPR,9,0,AI4ACEIP_candidate_negative,1001
PVPQP,5,1,positive_evidence,207
HFGDPFH,7,0,AI4ACEIP_candidate_negative,605
AKYSY,5,1,positive_evidence,8
NTDGSTDYGILQINSR,16,1,positive_evidence,1528
PAGLPGPA,8,0,AI4ACEIP_candidate_negative,787
TDQHQDKIYP,10,1,positive_evidence,1196
PLPRPQQPF,9,0,AI4ACEIP_candidate_negative,972
ACRGDGWCG,9,0,AI4ACEIP_candidate_negative,867
LVYPFPGPIH,10,1,positive_evidence,1154
TKTGRSAHVLSRYRPRA,17,1,positive_evidence,1553
DVTFPA,6,0,AI4ACEIP_candidate_negative,357
VTKFY,5,0,AI4ACEIP_candidate_negative,296
TKIPA,5,1,positive_evidence,256
PRPQPHPQPHP,11,0,AI4ACEIP_candidate_negative,1296
ILGKIWKGLVSDF,13,0,AI4ACEIP_candidate_negative,1412
YSNQNGRF,8,0,AI4ACEIP_candidate_negative,862
MHYGN,5,1,positive_evidence,167
APSLRLRF,8,0,AI4ACEIP_candidate_negative,711
LLEYSI,6,0,AI4ACEIP_candidate_negative,131
RVAPEEHPT,9,1,positive_evidence,1023
DVFRELRVQ,9,0,AI4ACEIP_candidate_negative,887
VRGPFPIIV,9,1,positive_evidence,1045
YGFQNA,6,0,AI4ACEIP_candidate_negative,549
TTAGLLE,7,0,AI4ACEIP_candidate_negative,681
GKDAVIV,7,1,positive_evidence,596
KTCGY,5,0,AI4ACEIP_candidate_negative,123
VIPAGYP,7,0,AI4ACEIP_candidate_negative,686
PFPQQPQQI,9,0,AI4ACEIP_candidate_negative,966
GYGDRNFLRF,10,0,AI4ACEIP_candidate_negative,1123
GPVGPAGPPGK,11,0,AI4ACEIP_candidate_negative,1264
VLATSGPG,8,0,AI4ACEIP_candidate_negative,840
QTQQPQQPF,9,0,AI4ACEIP_candidate_negative,1012
QNIPP,5,1,positive_evidence,218
LGFPTTKTYFPHF,13,1,positive_evidence,1417
DVYTPE,6,0,AI4ACEIP_candidate_negative,361
IQPQQPFPQ,9,0,AI4ACEIP_candidate_negative,926
PHQQQQQQF,9,0,AI4ACEIP_candidate_negative,969
SPPFAPRL,8,0,AI4ACEIP_candidate_negative,814
SKVLPVPQK,9,1,positive_evidence,1030
GVDNPGHPF,9,1,positive_evidence,914
IYIEQGNGITGM,12,0,AI4ACEIP_candidate_negative,1351
SKVYPFPGPI,10,1,positive_evidence,1190
IYEAVNKVSPRAGQF,15,1,positive_evidence,1495
KPGEPGPK,8,0,AI4ACEIP_candidate_negative,759
LAPSLPGKPKPD,12,1,positive_evidence,1353
WRGTNGPL,8,1,positive_evidence,849
WPRGYFL,7,0,AI4ACEIP_candidate_negative,695
NQNGRFY,7,0,AI4ACEIP_candidate_negative,646
RKRAAQ,6,1,positive_evidence,485
PHLSF,5,0,AI4ACEIP_candidate_negative,193
IVEYF,5,1,positive_evidence,108
ENLHLP,6,1,positive_evidence,368
NIYQIS,6,1,positive_evidence,456
SHNPF,5,0,AI4ACEIP_candidate_negative,243
ALNEINQFY,9,1,positive_evidence,873
LQQHNIAHGRSQ,12,0,AI4ACEIP_candidate_negative,1358
NIPPLTQTPV,10,1,positive_evidence,1162
ENLHLPLPLL,10,1,positive_evidence,958
AEFAES,6,0,AI4ACEIP_candidate_negative,348
IYEGY,5,1,positive_evidence,109
LLQLEAIR,8,0,AI4ACEIP_candidate_negative,771
APAANVRWCT,10,0,AI4ACEIP_candidate_negative,1069
FLPLIAGLLGKLFG,14,0,AI4ACEIP_candidate_negative,1446
GPRGP,5,0,AI4ACEIP_candidate_negative,64
MDFLI,5,1,positive_evidence,163
ITVDDKHYQK,10,0,AI4ACEIP_candidate_negative,1134
WYSLAMA,7,1,positive_evidence,546
VQQQIPVVQPSIL,13,0,AI4ACEIP_candidate_negative,1438
RVQVVNNNGK,10,0,AI4ACEIP_candidate_negative,1187
RPKHPIKHQ,9,1,positive_evidence,1022
KNILQPSSVDSQ,12,0,AI4ACEIP_candidate_negative,1352
GPLGAGP,7,0,AI4ACEIP_candidate_negative,601
NGLAP,5,0,AI4ACEIP_candidate_negative,179
LAPPRGSL,8,0,AI4ACEIP_candidate_negative,764
VSLPEW,6,1,positive_evidence,533
CFCTKPC,7,1,positive_evidence,569
DNLNDPK,7,0,AI4ACEIP_candidate_negative,577
ELYENKPRRPYIL,13,0,AI4ACEIP_candidate_negative,1394
GHSLLHF,7,0,AI4ACEIP_candidate_negative,594
VVYPWT,6,1,positive_evidence,537
RWAWRWQWR,9,0,AI4ACEIP_candidate_negative,1024
LKVGVKQY,8,1,positive_evidence,770
VLASLNFGDR,10,0,AI4ACEIP_candidate_negative,1213
RMLGQTP,7,1,positive_evidence,669
HPFAQ,5,1,positive_evidence,79
HLPPPV,6,1,positive_evidence,148
VFRQWQKIMRRLVRR,15,0,AI4ACEIP_candidate_negative,1510
VEQKHIQKE,9,1,positive_evidence,1037
WCTSVS,6,0,AI4ACEIP_candidate_negative,539
AWQKFLSAVVSALGR,15,0,AI4ACEIP_candidate_negative,1488
VYPGG,5,1,positive_evidence,303
ASGPINFT,8,1,positive_evidence,712
MQIFVKTLTG,10,0,AI4ACEIP_candidate_negative,1159
NWKKIRKLGKVVKKI,15,0,AI4ACEIP_candidate_negative,1504
PQIPEQF,7,0,AI4ACEIP_candidate_negative,653
QQPYPQ,6,0,AI4ACEIP_candidate_negative,477
VAPFP,5,1,positive_evidence,268
LAHKAL,6,1,positive_evidence,420
QFAAD,5,0,AI4ACEIP_candidate_negative,215
HVIKPPSRA,9,0,AI4ACEIP_candidate_negative,920
TVYTKGRVMP,10,1,positive_evidence,1205
YLYEIAR,7,1,positive_evidence,556
NWKKILGKICR,11,0,AI4ACEIP_candidate_negative,1294
FLPILGKILGQLFG,14,0,AI4ACEIP_candidate_negative,1445
VPSERYL,7,1,positive_evidence,690
NRVYVHPF,8,1,positive_evidence,784
PSLPA,5,1,positive_evidence,202
VVAPFPEV,8,0,AI4ACEIP_candidate_negative,682
NAGPFTPTVNREQLSTS,17,1,positive_evidence,1545
YPVSL,5,0,AI4ACEIP_candidate_negative,334
GLAGA,5,0,AI4ACEIP_candidate_negative,63
KLLKLLKKELKLLK,14,0,AI4ACEIP_candidate_negative,1456
QSWMHQPHQ,9,1,positive_evidence,1011
LMRWMR,6,0,AI4ACEIP_candidate_negative,433
VVSGPYIVY,9,1,positive_evidence,1048
VGAPSVS,7,0,AI4ACEIP_candidate_negative,684
VLKVGGTSDVEV,12,0,AI4ACEIP_candidate_negative,1381
QLGNLGV,7,0,AI4ACEIP_candidate_negative,660
EVMAGNLYPG,10,1,positive_evidence,1100
MPFPKYPVEP,10,1,positive_evidence,1158
ELEDSLDSER,10,0,AI4ACEIP_candidate_negative,1094
VGVIKAVDKKAGGAGKVT,18,1,positive_evidence,1573
VEIPHD,6,0,AI4ACEIP_candidate_negative,519
QAVHA,5,1,positive_evidence,211
VYIHPF,6,1,positive_evidence,538
VYPFPGPIPN,10,1,positive_evidence,1219
EIVPNSAEERLH,12,1,positive_evidence,1326
DWDPK,5,0,AI4ACEIP_candidate_negative,32
ENLLRF,6,1,positive_evidence,369
LVVYPW,6,1,positive_evidence,446
ITGSE,5,0,AI4ACEIP_candidate_negative,106
DSAIDLGD,8,0,AI4ACEIP_candidate_negative,722
APAPRPPNAP,10,1,positive_evidence,1071
FVAPFPEVFGK,11,1,positive_evidence,900
ACGNLPRMC,9,1,positive_evidence,704
NMEKGSSSVVSSRMKQ,16,0,AI4ACEIP_candidate_negative,1526
LSRGQ,5,1,positive_evidence,155
FQINMCILR,9,1,positive_evidence,897
RWQWAWQWR,9,0,AI4ACEIP_candidate_negative,1025
QQPQQPLPQ,9,0,AI4ACEIP_candidate_negative,1002
LTQTPVVVPPF,11,1,positive_evidence,954
EAAVYPL,7,0,AI4ACEIP_candidate_negative,579
FDTADLPSGKGYL,13,0,AI4ACEIP_candidate_negative,1396
GINYWLAHK,9,1,positive_evidence,905
TKIVP,5,1,positive_evidence,257
PQPYPQQPQ,9,0,AI4ACEIP_candidate_negative,983
FFAPGRNPTSFS,12,0,AI4ACEIP_candidate_negative,1327
YEADARSFHDLAEHDIRV,18,0,AI4ACEIP_candidate_negative,1574
YYVPLGTQ,8,1,positive_evidence,865
HMPVTK,6,0,AI4ACEIP_candidate_negative,395
YAFGYPS,7,0,AI4ACEIP_candidate_negative,696
LQPEVMGVSK,10,1,positive_evidence,1151
VYPFPGPIHN,10,0,AI4ACEIP_candidate_negative,1219
YPSFQPQPLIYP,12,1,positive_evidence,1385
SIQSQPQAFP,10,1,positive_evidence,1189
VPVTST,6,0,AI4ACEIP_candidate_negative,531
TKAVEH,6,0,AI4ACEIP_candidate_negative,510
QQPQRPEQQ,9,0,AI4ACEIP_candidate_negative,1003
QFPQTQQPQ,9,0,AI4ACEIP_candidate_negative,991
REKVLASS,8,1,positive_evidence,806
FLGFPT,6,0,AI4ACEIP_candidate_negative,376
VSGAGRY,7,1,positive_evidence,691
INNQFLPYPY,10,0,AI4ACEIP_candidate_negative,1130
FKTTDQQTRTTVA,13,1,positive_evidence,1399
ENRKQDKRF,9,0,AI4ACEIP_candidate_negative,890
TVGMTAKF,8,1,positive_evidence,830
IITNW,5,1,positive_evidence,93
PGPIHDS,7,0,AI4ACEIP_candidate_negative,648
PIPQQPQPY,9,0,AI4ACEIP_candidate_negative,970
YQKFPQYL,8,1,positive_evidence,859
AYTGV,5,1,positive_evidence,23
VLDTDYK,7,1,positive_evidence,688
KYPVEPFTESQSLTL,15,1,positive_evidence,1499
FPQYLQY,7,1,positive_evidence,586
QPQAFP,6,1,positive_evidence,200
YLMSR,5,0,AI4ACEIP_candidate_negative,319
YMGLDLK,7,1,positive_evidence,698
LVDGNDPR,8,0,AI4ACEIP_candidate_negative,775
LIPPGVPY,8,1,positive_evidence,768
TNRNFLRF,8,0,AI4ACEIP_candidate_negative,822
SPRCR,5,1,positive_evidence,247
IPPYCTIAPFGI,12,0,AI4ACEIP_candidate_negative,1349
SSSKAKKMP,9,1,positive_evidence,1033
VDLRSAWP,8,0,AI4ACEIP_candidate_negative,833
HKEMPFPK,8,1,positive_evidence,745
YGNPVGGVGH,10,1,positive_evidence,1232
LRLKGQMIYLRRRRRRRR,18,0,AI4ACEIP_candidate_negative,1565
VCYNQ,5,1,positive_evidence,270
LTPVPGSPF,9,1,positive_evidence,953
YYPTSPQQSGQG,12,0,AI4ACEIP_candidate_negative,1387
VTDFY,5,0,AI4ACEIP_candidate_negative,295
LEGGDALSASQ,11,1,positive_evidence,1280
FLKPLFNAALKLLP,14,1,positive_evidence,1444
MWHNAH,6,1,positive_evidence,452
IETWNPNNQ,9,1,positive_evidence,923
CYIQNCPLG,9,0,AI4ACEIP_candidate_negative,883
YPFPGPIN,8,1,positive_evidence,854
CVPEVDPLLLRAE,13,0,AI4ACEIP_candidate_negative,1393
VPYPQ,5,0,AI4ACEIP_candidate_negative,290
FMPGVPGPIQR,11,1,positive_evidence,1257
MPPPL,5,0,AI4ACEIP_candidate_negative,174
LPAGV,5,1,positive_evidence,145
QQTQQPFPL,9,0,AI4ACEIP_candidate_negative,1008
KKRSKKKSFG,10,1,positive_evidence,1139
ISELGW,6,0,AI4ACEIP_candidate_negative,408
IKELQ,5,1,positive_evidence,94
RIRDAIAHGYIVDKV,15,0,AI4ACEIP_candidate_negative,1508
GNHEAGE,7,0,AI4ACEIP_candidate_negative,598
VKKVLGNP,8,1,positive_evidence,839
QQPLPQQPQ,9,0,AI4ACEIP_candidate_negative,998
VYPFPGPIA,9,0,AI4ACEIP_candidate_negative,846
IELPLG,6,1,positive_evidence,401
WPPRPQIPP,9,1,positive_evidence,1054
ALPMHIR,7,1,positive_evidence,563
LHLWLP,6,1,positive_evidence,430
SSHWSS,6,0,AI4ACEIP_candidate_negative,504
TERGY,5,0,AI4ACEIP_candidate_negative,254
YRNTQ,5,1,positive_evidence,338
ADDFYYQ,7,1,positive_evidence,559
LVTVM,5,1,positive_evidence,157
YMVSAIWG,8,0,AI4ACEIP_candidate_negative,853
VEGKSPNV,8,1,positive_evidence,835
PACGGFYISGRPG,13,0,AI4ACEIP_candidate_negative,1424
AQTQSL,6,1,positive_evidence,353
VPPFIQPE,8,0,AI4ACEIP_candidate_negative,841
RPFHPF,6,0,AI4ACEIP_candidate_negative,488
HHQDPPW,7,0,AI4ACEIP_candidate_negative,607
VLVLDTDYK,9,1,positive_evidence,1041
EVLNENLLRF,10,1,positive_evidence,1099
MAIPP,5,0,AI4ACEIP_candidate_negative,162
DSSEEKFLR,9,0,AI4ACEIP_candidate_negative,885
ASHLGLAR,8,1,positive_evidence,713
SISSSE,6,0,AI4ACEIP_candidate_negative,499
AVVRP,5,1,positive_evidence,19
LENLHLPLP,9,1,positive_evidence,942
GRVSNCAA,8,1,positive_evidence,744
WTSSTMMEER,10,0,AI4ACEIP_candidate_negative,1224
EEAIFLW,7,1,positive_evidence,580
EKERERQ,7,1,positive_evidence,581
NQNFVQYTTNT,11,1,positive_evidence,1293
GFGPEL,6,0,AI4ACEIP_candidate_negative,383
KYPVQPFTESQSLTL,15,1,positive_evidence,1499
AYPQQ,5,1,positive_evidence,22
ALPMH,5,1,positive_evidence,11
SVDGKEDLIA,10,0,AI4ACEIP_candidate_negative,1195
SAYPGQITSN,10,1,positive_evidence,1188
FVDLKKIANIINSIFGK,17,0,AI4ACEIP_candidate_negative,1538
QQRQQQGL,8,0,AI4ACEIP_candidate_negative,801
ALKAWSVAR,9,1,positive_evidence,872
NENLLRFFVAPFPEVFG,17,1,positive_evidence,1468
VYLPR,5,0,AI4ACEIP_candidate_negative,302
YGGFMRRVG,9,0,AI4ACEIP_candidate_negative,1060
YPFPGPIPN,9,1,positive_evidence,854
VQGQGIIQPPQQPAQL,16,0,AI4ACEIP_candidate_negative,1534
SCQDQPTTLAR,11,0,AI4ACEIP_candidate_negative,1300
GRKSSK,6,0,AI4ACEIP_candidate_negative,232
RYYGY,5,0,AI4ACEIP_candidate_negative,241
SWAQL,5,0,AI4ACEIP_candidate_negative,249
NPYVPR,6,0,AI4ACEIP_candidate_negative,459
FFVAPFPGVFGK,12,1,positive_evidence,1255
SVPLFNFSVYLA,12,0,AI4ACEIP_candidate_negative,1375
MLLMLIRKLIL,11,0,AI4ACEIP_candidate_negative,1289
WLFKFLAWKKK,11,0,AI4ACEIP_candidate_negative,1313
FNVVLK,6,0,AI4ACEIP_candidate_negative,378
YPQRDMPIQAFLLYQEPV,18,1,positive_evidence,1575
GYNRSFLRF,9,0,AI4ACEIP_candidate_negative,917
RRIKFN,6,1,positive_evidence,492
EHPVL,5,1,positive_evidence,36
GKEIIVKAQR,10,1,positive_evidence,1113
YIPIQYVLSR,10,1,positive_evidence,1233
SKVYP,5,1,positive_evidence,245
VNVDDPSKA,9,0,AI4ACEIP_candidate_negative,1043
PLLPQQPFPSQQEQPQF,17,0,AI4ACEIP_candidate_negative,1549
YLAGMN,6,0,AI4ACEIP_candidate_negative,552
WAAGYCC,7,1,positive_evidence,694
HTHLQRAPHPNALGYHGK,18,0,AI4ACEIP_candidate_negative,1562
LAHMIVAGA,9,1,positive_evidence,939
VYPFPGPIPNSL,12,1,positive_evidence,1320
NLHLPLPLL,9,1,positive_evidence,958
RRWFWRRRRWFWRR,14,0,AI4ACEIP_candidate_negative,1478
YPSYG,5,0,AI4ACEIP_candidate_negative,332
GASSGMPG,8,1,positive_evidence,737
TLLLLIRKLIL,11,0,AI4ACEIP_candidate_negative,1282
RLKKY,5,0,AI4ACEIP_candidate_negative,233
IQVPL,5,1,positive_evidence,104
QQPHSRSKGFPGP,13,1,positive_evidence,1430
PPPVHL,6,1,positive_evidence,466
PGEKGSPGADGPIGAP,16,0,AI4ACEIP_candidate_negative,1529
PANLPWGSSNV,11,1,positive_evidence,1295
YPASL,5,0,AI4ACEIP_candidate_negative,320
ALAFQ,5,1,positive_evidence,9
RKWHFLA,7,0,AI4ACEIP_candidate_negative,665
VVYPWTQRF,9,1,positive_evidence,1049
VAPFPEVFGKE,11,1,positive_evidence,1305
PQRDMP,6,1,positive_evidence,467
YQETSSSSSQEQ,12,0,AI4ACEIP_candidate_negative,1386
FLSLIPKLVKKIIKAFK,17,0,AI4ACEIP_candidate_negative,1537
PTHIKWN,7,1,positive_evidence,656
PAVACCLPPLPCHM,14,1,positive_evidence,1469
AGAHPAG,7,1,positive_evidence,560
LPHVLTPEAGAT,12,0,AI4ACEIP_candidate_negative,1357
AVKQPAVVYP,10,1,positive_evidence,1081
RGSALTHLP,9,0,AI4ACEIP_candidate_negative,1017
VYVEELKPTPE,11,1,positive_evidence,1312
MPVDVIANAYR,11,0,AI4ACEIP_candidate_negative,1291
APAKNVAWCT,10,0,AI4ACEIP_candidate_negative,1070
GLFDIVKKIKSLF,13,0,AI4ACEIP_candidate_negative,1402
FALPQYLK,8,1,positive_evidence,729
LKYAT,5,1,positive_evidence,141
RMLGQTPTK,9,1,positive_evidence,1018
VGINYWLAHK,10,1,positive_evidence,905
LHLPLPLL,8,1,positive_evidence,608
AGCGCEAMFAGA,12,1,positive_evidence,1324
FFSDKIAK,8,0,AI4ACEIP_candidate_negative,732
YPQLLPNE,8,0,AI4ACEIP_candidate_negative,856
LKDTQ,5,1,positive_evidence,138
EEEKNRLTKKTKLT,14,1,positive_evidence,1441
FHNMEK,6,0,AI4ACEIP_candidate_negative,375
QQPNPQQPQ,9,0,AI4ACEIP_candidate_negative,998
PVRGPFPIIV,10,1,positive_evidence,1045
LVYPFPGPIPNSLP,14,1,positive_evidence,1467
IAGRP,5,1,positive_evidence,81
QLLLLIRKLIV,11,0,AI4ACEIP_candidate_negative,1282
TETWNPNHPEL,11,0,AI4ACEIP_candidate_negative,1303
FDGEVK,6,0,AI4ACEIP_candidate_negative,371
LSKDIGSESTEDQAMED,17,1,positive_evidence,1544
QQTYPQRPQ,9,0,AI4ACEIP_candidate_negative,1009
WHHTF,5,1,positive_evidence,306
AKPEG,5,1,positive_evidence,5
PPHMLP,6,1,positive_evidence,465
NSNLVGAAHEELQQSR,16,0,AI4ACEIP_candidate_negative,1527
IYPFV,5,0,AI4ACEIP_candidate_negative,111
GPLGLLGFLGPLGLS,15,1,positive_evidence,1493
DWNKDLHIW,9,0,AI4ACEIP_candidate_negative,889
RICRIIFLRVCR,12,0,AI4ACEIP_candidate_negative,1371
RELEE,5,1,positive_evidence,222
GYDTQAIVQ,9,1,positive_evidence,916
QQFQQSGQAQLTE,13,0,AI4ACEIP_candidate_negative,1429
LVYPFPGPI,9,1,positive_evidence,778
AMPKPW,6,1,positive_evidence,13
YDTQA,5,0,AI4ACEIP_candidate_negative,310
GEEFDAFTPK,10,0,AI4ACEIP_candidate_negative,1110
SVDSQTAF,8,0,AI4ACEIP_candidate_negative,816
IELQAEQDRIAE,12,0,AI4ACEIP_candidate_negative,1346
APALRLRF,8,0,AI4ACEIP_candidate_negative,711
KWRSKIKKIMRTFK,14,0,AI4ACEIP_candidate_negative,1458
MVPYPQR,7,1,positive_evidence,568
YPFVE,5,0,AI4ACEIP_candidate_negative,324
HLFGPPGKKDPV,12,1,positive_evidence,1340
FDART,5,0,AI4ACEIP_candidate_negative,48
WQCRMKKCGA,10,0,AI4ACEIP_candidate_negative,1221
MPFPKYPVQPF,11,1,positive_evidence,1158
LHREN,5,1,positive_evidence,134
FQKVVA,6,1,positive_evidence,380
PWDQVKR,7,1,positive_evidence,657
GETGPAGPAGAAGPAGPR,18,1,positive_evidence,1560
SSDEEVREEKELDLSSNE,18,1,positive_evidence,1572
ENFLRF,6,0,AI4ACEIP_candidate_negative,178
EELDNALN,8,0,AI4ACEIP_candidate_negative,725
AEPIPY,6,0,AI4ACEIP_candidate_negative,42
TIDMESTEVFTKK,13,0,AI4ACEIP_candidate_negative,1434
PFPQQPQQQ,9,0,AI4ACEIP_candidate_negative,966
TLKYP,5,1,positive_evidence,259
SLVSPSAAAAAAPGGS,16,1,positive_evidence,1533
GPPGPP,6,1,positive_evidence,387
IQSQPQAFP,9,1,positive_evidence,803
FVQWFSKFLGRILG,14,0,AI4ACEIP_candidate_negative,1447
MCYPAST,7,1,positive_evidence,640
DVCGRDVNGY,10,0,AI4ACEIP_candidate_negative,1091
LVLPGE,6,1,positive_evidence,445
YVVNPDNDEN,10,0,AI4ACEIP_candidate_negative,1242
RTAKV,5,0,AI4ACEIP_candidate_negative,235
RWQWRWQWR,9,0,AI4ACEIP_candidate_negative,880
VSRHFASYAN,10,1,positive_evidence,1216
PSQQQP,6,0,AI4ACEIP_candidate_negative,469
RYQKF,5,1,positive_evidence,240
NGLEGLK,7,0,AI4ACEIP_candidate_negative,642
AAAPVAVAK,9,1,positive_evidence,866
YPFVV,5,0,AI4ACEIP_candidate_negative,325
DEDTQAMP,8,0,AI4ACEIP_candidate_negative,720
PHSCN,5,0,AI4ACEIP_candidate_negative,194
EPIPY,5,0,AI4ACEIP_candidate_negative,42
ACSNHSPLGWRGH,13,0,AI4ACEIP_candidate_negative,1388
YQEPVL,6,1,positive_evidence,557
IQHST,5,1,positive_evidence,102
GLPPGPPIPP,10,1,positive_evidence,1116
AWDPE,5,0,AI4ACEIP_candidate_negative,20
LPENAKVDQVK,11,0,AI4ACEIP_candidate_negative,1284
VAPEEHPV,8,1,positive_evidence,832
RKQDK,5,0,AI4ACEIP_candidate_negative,231
LVYPFPGPIPN,11,1,positive_evidence,1154
PVQALLLNQELLLNP,15,1,positive_evidence,1507
KLLKLLKKLLKELK,14,0,AI4ACEIP_candidate_negative,1456
SSAPGGGRP,9,0,AI4ACEIP_candidate_negative,1032
SGIQSEPKAIP,11,1,positive_evidence,1112
AITAKL,6,1,positive_evidence,350
ASGLCPEEAVPRR,13,1,positive_evidence,1392
LAPGGDMD,8,1,positive_evidence,763
VHLKP,5,0,AI4ACEIP_candidate_negative,278
FETISFK,7,1,positive_evidence,583
VEFEG,5,1,positive_evidence,272
YGAGS,5,1,positive_evidence,311
VDHDHPE,7,0,AI4ACEIP_candidate_negative,683
KWKLFKKIGAVLKVL,15,0,AI4ACEIP_candidate_negative,1498
ITMIAPSAF,9,1,positive_evidence,928
LSKEEIEEAKEV,12,0,AI4ACEIP_candidate_negative,1359
IGGIGTVPVGR,11,1,positive_evidence,1268
MPFLKSPIVPF,11,1,positive_evidence,1290
IEELEEELEAER,12,0,AI4ACEIP_candidate_negative,1345
SKWDNFRGSW,10,0,AI4ACEIP_candidate_negative,1191
FISAIASFLGKFL,13,0,AI4ACEIP_candidate_negative,1398
SVPQPK,6,1,positive_evidence,507
EPVLGPVRGPFP,12,1,positive_evidence,1172
QQPIQQQPH,9,0,AI4ACEIP_candidate_negative,999
FSEYPPLGRF,10,1,positive_evidence,1108
LVMFLDNQHRVIRH,14,0,AI4ACEIP_candidate_negative,1466
GPVRGPFPIIV,11,1,positive_evidence,1045
IPPAYSK,7,1,positive_evidence,615
HKEMPFPKYPVEPF,14,1,positive_evidence,1453
VGGIDEVIAK,10,1,positive_evidence,1208
KEDDEEEEQGEEE,13,1,positive_evidence,1414
LPLRF,5,0,AI4ACEIP_candidate_negative,147
YQQRPVA,7,1,positive_evidence,700
LVTGDDKTNLK,11,1,positive_evidence,1286
SLLSLIRKLIT,11,0,AI4ACEIP_candidate_negative,1301
FSAPAVY,7,0,AI4ACEIP_candidate_negative,592
LMSYMWSTSM,10,0,AI4ACEIP_candidate_negative,1147
VLGPVRGPFP,10,1,positive_evidence,944
EPIPYGFLP,9,1,positive_evidence,891
LLVTLKK,7,1,positive_evidence,633
IHVIGDF,7,1,positive_evidence,613
LGGAKQAGDV,10,0,AI4ACEIP_candidate_negative,1142
TPVVVPPFLQP,11,1,positive_evidence,988
DVENLHLPLPL,11,1,positive_evidence,1206
GIQSEPKAIP,10,1,positive_evidence,1112
PQPFRPQQPYPQPQPQ,16,0,AI4ACEIP_candidate_negative,1530
KELPPSDADW,10,1,positive_evidence,1138
PEAAELMMEVDP,12,1,positive_evidence,1363
APGPAGARGN,10,0,AI4ACEIP_candidate_negative,1072
LPGRPPIKPWPL,12,1,positive_evidence,1356
YVVNPDNNEN,10,0,AI4ACEIP_candidate_negative,1242
KLLKKVVKLFKKLLK,15,0,AI4ACEIP_candidate_negative,1496
PAGNFLPPVAAAPVM,15,1,positive_evidence,1505
HKEMPFPKYPVQPF,14,1,positive_evidence,1453
VDSDVVKG,8,1,positive_evidence,834
IVGRPRH,7,1,positive_evidence,616
YDDGSYKPH,9,1,positive_evidence,1057
GNPIPREPGQVPAY,14,1,positive_evidence,1450
WNMNAH,6,0,AI4ACEIP_candidate_negative,543
FRGLMHY,7,1,positive_evidence,589
FDYDPR,6,0,AI4ACEIP_candidate_negative,372
QPHQPLPPT,9,0,AI4ACEIP_candidate_negative,994
TQPKTNAIPY,10,1,positive_evidence,1204
PFPQQPQQT,9,0,AI4ACEIP_candidate_negative,966
PTGADY,6,0,AI4ACEIP_candidate_negative,470
EWPRPQIPP,9,1,positive_evidence,892
GPRGPP,6,0,AI4ACEIP_candidate_negative,64
DAQSAPLRVY,10,1,positive_evidence,1085
KLTPQMA,7,0,AI4ACEIP_candidate_negative,621
FGGIDDINQIGQSD,14,1,positive_evidence,1443
IWHHTFYNELR,11,1,positive_evidence,1272
RGDSPA,6,0,AI4ACEIP_candidate_negative,484
LHMFK,5,1,positive_evidence,133
GLQLPFSEE,9,1,positive_evidence,907
VAWWMY,6,0,AI4ACEIP_candidate_negative,516
TPEVDDEALE,10,1,positive_evidence,1201
STFQQMW,7,0,AI4ACEIP_candidate_negative,676
RELKPARP,8,0,AI4ACEIP_candidate_negative,807
QKAVPYPQRDMPI,13,1,positive_evidence,1428
GPSGPPGPKGN,11,0,AI4ACEIP_candidate_negative,1263
TRTGDPFF,8,0,AI4ACEIP_candidate_negative,824
GVPKVKETMVPKH,13,1,positive_evidence,1337
GYPMYPLPR,9,1,positive_evidence,918
AVPQR,5,0,AI4ACEIP_candidate_negative,18
MIPAQK,6,1,positive_evidence,101
PLPWGAGF,8,1,positive_evidence,793
TPLVTLFK,8,0,AI4ACEIP_candidate_negative,823
YQQPVL,6,1,positive_evidence,557
RKWLFHW,7,0,AI4ACEIP_candidate_negative,667
KIYPSFQPQPLIYP,14,1,positive_evidence,1385
RNAVPITPTL,10,1,positive_evidence,1182
LNVVGETVE,9,1,positive_evidence,947
FRQFYQL,7,1,positive_evidence,590
PVGLVQPASATLYDY,15,1,positive_evidence,1506
NNVMLQW,7,1,positive_evidence,644
VLSTSFPPK,9,1,positive_evidence,1040
VLEESKGAPKPN,12,0,AI4ACEIP_candidate_negative,1379
LDKVFER,7,0,AI4ACEIP_candidate_negative,629
RPKHPIK,7,1,positive_evidence,489
LKDAQ,5,1,positive_evidence,137
PFFDPQIP,8,1,positive_evidence,789
TVGGAPAGRIVME,13,1,positive_evidence,1436
YSQQQQ,6,1,positive_evidence,558
YALPAH,6,0,AI4ACEIP_candidate_negative,548
QQPQQPFPR,9,0,AI4ACEIP_candidate_negative,1001
KIHPFAQAQ,9,1,positive_evidence,936
LYPFVEPI,8,0,AI4ACEIP_candidate_negative,779
VAHINVWK,8,1,positive_evidence,831
SYPYY,5,0,AI4ACEIP_candidate_negative,250
PDLVF,5,1,positive_evidence,190
YESMADPCS,9,1,positive_evidence,1059
VAGTW,5,1,positive_evidence,267
QVSLNSGYY,9,1,positive_evidence,1013
YGGWL,5,0,AI4ACEIP_candidate_negative,315
PVVVPPFLQPEV,12,1,positive_evidence,1365
KAAAAP,6,1,positive_evidence,411
LIAVP,5,0,AI4ACEIP_candidate_negative,136
KFAYPQ,6,1,positive_evidence,413
KWEKPF,6,1,positive_evidence,419
PFVEPI,6,0,AI4ACEIP_candidate_negative,57
RADHRYNDLGHR,12,1,positive_evidence,1370
QQPIPQQPQ,9,0,AI4ACEIP_candidate_negative,998
PQPQQPIPV,9,0,AI4ACEIP_candidate_negative,978
MLPLMLPFTMGY,12,1,positive_evidence,1361
SGTVPGG,7,1,positive_evidence,672
AGWNIPIGT,9,0,AI4ACEIP_candidate_negative,870
GLFKIISGIA,10,0,AI4ACEIP_candidate_negative,1115
LGFEYY,6,0,AI4ACEIP_candidate_negative,132
LKSQQ,5,1,positive_evidence,140
YGGFL,5,1,positive_evidence,314
VESYVPLFP,9,0,AI4ACEIP_candidate_negative,1038
LDSGDGVTH,9,1,positive_evidence,941
LELPLK,6,0,AI4ACEIP_candidate_negative,427
TLHGMV,6,1,positive_evidence,511
HHPLL,5,0,AI4ACEIP_candidate_negative,77
AVVYPWT,7,0,AI4ACEIP_candidate_negative,537
MMLDF,5,0,AI4ACEIP_candidate_negative,171
LVVYPWTQ,8,1,positive_evidence,776
PQPQQPQQQ,9,0,AI4ACEIP_candidate_negative,979
NMGPLLPQ,8,0,AI4ACEIP_candidate_negative,782
RIVPA,5,0,AI4ACEIP_candidate_negative,227
LRNFLRF,7,0,AI4ACEIP_candidate_negative,635
YPQPQ,5,0,AI4ACEIP_candidate_negative,331
APGAPGPVG,9,1,positive_evidence,875
GVGTGKPGER,10,1,positive_evidence,1121
RIGKMVSFPRI,11,0,AI4ACEIP_candidate_negative,1298
KHLPLP,6,1,positive_evidence,78
RGGRLCYCRRRFCVCVGR,18,0,AI4ACEIP_candidate_negative,1570
MCESASSK,8,1,positive_evidence,780
FGHPY,5,0,AI4ACEIP_candidate_negative,54
FEGTVFENG,9,1,positive_evidence,895
MGSPT,5,0,AI4ACEIP_candidate_negative,165
VHRKC,5,1,positive_evidence,280
GLPGSRGERGLPG,13,1,positive_evidence,1406
HVAGTVA,7,0,AI4ACEIP_candidate_negative,609
RVPSLM,6,1,positive_evidence,493
LVVAPWT,7,0,AI4ACEIP_candidate_negative,638
HSSIQSQPQAFT,12,1,positive_evidence,1344
PFPQQQQPL,9,0,AI4ACEIP_candidate_negative,967
IAYKPE,6,0,AI4ACEIP_candidate_negative,398
YINQMPQKSRE,11,1,positive_evidence,1318
KKIATYQER,9,1,positive_evidence,937
AMKPWIQPK,9,1,positive_evidence,874
VENLHLPLPLL,11,1,positive_evidence,958
RPKHPIKHQGLPQ,13,1,positive_evidence,1431
RWQWRWQWA,9,0,AI4ACEIP_candidate_negative,1029
VTRGD,5,0,AI4ACEIP_candidate_negative,297
WVPSV,5,1,positive_evidence,308
FVNPEAGS,8,1,positive_evidence,736
RYLGYL,6,0,AI4ACEIP_candidate_negative,494
RLLRLIRKLII,11,0,AI4ACEIP_candidate_negative,1299
KWLRRVWRWWR,11,0,AI4ACEIP_candidate_negative,1277
PLVQQQFLGQQQPFPPQ,17,0,AI4ACEIP_candidate_negative,1550
PSFQPQPLIYP,11,1,positive_evidence,898
VPKVK,5,1,positive_evidence,288
LVEKGDVAFI,10,0,AI4ACEIP_candidate_negative,1153
SEDVHPQA,8,0,AI4ACEIP_candidate_negative,812
LHDELT,6,0,AI4ACEIP_candidate_negative,428
TEDQAMEDIK,10,0,AI4ACEIP_candidate_negative,1197
FDKPVSPL,8,1,positive_evidence,731
RYPSY,5,0,AI4ACEIP_candidate_negative,239
EVSGL,5,1,positive_evidence,47
LPTEV,5,0,AI4ACEIP_candidate_negative,149
LPHSGY,6,0,AI4ACEIP_candidate_negative,438
VLSRYP,6,1,positive_evidence,525
YVAQGEGVVA,10,0,AI4ACEIP_candidate_negative,1241
NKGPR,5,1,positive_evidence,183
VAPFPEVF,8,1,positive_evidence,682
AVKVL,5,1,positive_evidence,17
YVPFPPF,7,1,positive_evidence,703
FSDKIAKYIPIQ,12,1,positive_evidence,1330
GDRFQDQHQ,9,0,AI4ACEIP_candidate_negative,904
VGINYWLAHKHK,12,1,positive_evidence,1377
PFPEVFGK,8,1,positive_evidence,790
KVGTKCCAKP,10,1,positive_evidence,1141
IASGEPTSTPTEE,13,1,positive_evidence,1267
FFNPVH,6,0,AI4ACEIP_candidate_negative,374
GLLGFVGSLLGGLGIG,16,0,AI4ACEIP_candidate_negative,1522
NLHLPLP,7,1,positive_evidence,643
FDKLPGFGD,9,1,positive_evidence,894
RHGYM,5,0,AI4ACEIP_candidate_negative,226
AFKAWAVAR,9,1,positive_evidence,868
ATWLPPR,7,0,AI4ACEIP_candidate_negative,567
IGSENSEKTTMP,12,1,positive_evidence,1347
YQEPVLGPVRGPFPI,15,1,positive_evidence,1426
KNPQLR,6,0,AI4ACEIP_candidate_negative,414
PQPQQPYPQ,9,0,AI4ACEIP_candidate_negative,980
LQFCCY,6,1,positive_evidence,439
WPEAAELMMEVDP,13,1,positive_evidence,1363
GLSDGEWQ,8,1,positive_evidence,742
VGPLSPT,7,0,AI4ACEIP_candidate_negative,529
QFADG,5,0,AI4ACEIP_candidate_negative,216
RGLSK,5,1,positive_evidence,225
APTMPPPLPP,10,0,AI4ACEIP_candidate_negative,1077
PGPIPN,6,1,positive_evidence,462
MEGAQEAQGD,10,1,positive_evidence,1155
SGFAP,5,0,AI4ACEIP_candidate_negative,242
VVPPFIQPE,9,1,positive_evidence,841
TGPIPNSLPQ,10,1,positive_evidence,1199
GVHTFP,6,1,positive_evidence,391
GFWKPGSG,8,1,positive_evidence,739
TEDELQDKIHP,11,1,positive_evidence,1302
LSQSKVLPVPQK,12,1,positive_evidence,1194
EQLTK,5,0,AI4ACEIP_candidate_negative,43
RKWFLHW,7,0,AI4ACEIP_candidate_negative,664
CNGKRVCVCG,10,0,AI4ACEIP_candidate_negative,1084
KRLFKKLLFSLRKY,14,0,AI4ACEIP_candidate_negative,1457
DFVAP,5,1,positive_evidence,28
WLAHKALCSEKLDQ,14,0,AI4ACEIP_candidate_negative,1485
EDAVPPPQ,8,0,AI4ACEIP_candidate_negative,724
PQPTQQFPQ,9,0,AI4ACEIP_candidate_negative,982
EGLPPGPPIPP,11,1,positive_evidence,1116
HLPLP,5,1,positive_evidence,78
KIKAVLKVLTT,11,0,AI4ACEIP_candidate_negative,1274
YIGSR,5,0,AI4ACEIP_candidate_negative,317
LLNPPHQIYP,10,1,positive_evidence,1144
RLSFNP,6,1,positive_evidence,487
GVYPH,5,1,positive_evidence,72
LPQYLKTVYQHQKA,14,1,positive_evidence,1464
IPPGVPYWT,9,1,positive_evidence,925
LEIAKNGLSTTSNPKR,16,1,positive_evidence,1523
PQPFPQQPQ,9,0,AI4ACEIP_candidate_negative,974
VSHNNFLRF,9,0,AI4ACEIP_candidate_negative,1046
TEVWDSNEQE,10,0,AI4ACEIP_candidate_negative,1198
PLPPHMLP,8,0,AI4ACEIP_candidate_negative,792
AAVGGYRVAVL,11,0,AI4ACEIP_candidate_negative,1243
LLRSVGVPL,9,0,AI4ACEIP_candidate_negative,946
