fragment,length,standard_sequence,parent_count,occurrence_count,parent_sequences,old_biopep_known_ace_fragment,present_in_current_positive_catalog,activity_evidence_status,eligible_for_peptide_activity_scoring,digestion_evidence_type
A,1,True,10,10,ALPHA;FNQLAALNSAAYLQQQQLLPFSQLA;GVHHA;GYALPHA;KVLILA;LTSVLMA;QAVHA;WYSLA;WYSLAMA;YALPHA,False,False,unlabeled_not_negative,False,BIOPEP_rule_based_combined_enzyme_simulation
D,1,True,2,2,MRWRD;PVLKD,False,False,unlabeled_not_negative,False,BIOPEP_rule_based_combined_enzyme_simulation
E,1,True,4,4,VEQKHIQKE;YINQMPQKSRE;YLGYLE;YYAPFE,False,False,unlabeled_not_negative,False,BIOPEP_rule_based_combined_enzyme_simulation
F,1,True,75,85,AGTTCLFTPLALPYDYSH;AYFYP;AYFYPE;AYFYPEL;AYFYPELF;EKDERF;FAGDDAPRR;FALPQY;FALPQYLK;FAQTQSLVYP;FATGT;FCLYELAR;FCVLRP;FDKLPGFGD;FDPFPK;FDRPFL;FEGTVFENG;FFECSG;FFFPK;FFGRCVSP;FFRNR;FFVAP;FFVAPFPEVFGK;FFVAPFPFEVFGK;FGASTRGA;FGRCVSP;FHSGIQSEPKAIP;FKCRRW;FKGRYYP;FLKPLFNAALKLLP;FNQLAALNSAAYLQQQQLLPFSQLA;FPEVFGK;FPFEVFGK;FPGGPP;FPIIV;FPPQS;FPQYLQY;FQKPKR;FQKVVA;FQKVVAG;FQKVVAK;FQPQPLIYP;FQPSF;FRAEHPL;FSDKIAK;FYPEL;HFEAMR;HLFGPPGKKDPV;KDERF;KFHSGIQSEPKAIP;KFPQY;LAYFYP;LFLIKH;LFSGGES;LFVAAP;MILLLFR;MPFLFK;NGTWFEPP;PDWFLLL;PFFDPQIP;PLFPK;QIGLF;RIGLF;RYQKF;SFHPYFSY;SGPLRPFF;VNGSEKSKF;VSRHFASYAN;VTGRFAGHPAAQ;VVYPWTQRF;VYLAELHF;YFYPEL;YPLDLF;YQKFPQY;YQKFPQYL,False,False,unlabeled_not_negative,False,BIOPEP_rule_based_combined_enzyme_simulation
G,1,True,6,6,FEGTVFENG;GQLGEHGGAGMG;NYVADGLG;SPYCYG;VDSDVVKG;YQEPVLG,False,False,unlabeled_not_negative,False,BIOPEP_rule_based_combined_enzyme_simulation
H,1,True,52,55,ALPMH;ALPMHIR;ARHPH;ARHPHP;DVENLHLPLPL;EIVPNSAEERLH;ENLHLPLP;ENLHLPLPLL;FHSGIQSEPKAIP;GVHHA;HDWWKER;HERDPTHIKWGD;HFEAMR;HKEMPFPK;HLFGPPGKKDPV;HLNVVHEN;HLPLP;HPFAQTQSLVYP;HPHPHLSF;HQAAGW;HQIYP;HSGIQSEPKAIP;HSSIQSQPQAFT;HYVPV;IVGRPRHQG;IVGRRRHQG;IWHHT;IWHHTFYNELR;KFHSGIQSEPKAIP;LENLHLPLP;LFLIKH;LHLPLP;LHLPLPL;LHPGDAQR;LLHSPP;LYHVL;MNVKHWPWMK;NLHLP;NLHLPLP;NLHLPLPLL;PKHKEMPFPPKYPVEPFT;QLADVSPAAFLTQQQLLPFYLHAM;QSWMHQPHQ;RHPHP;RPKHPIKHQ;SFHPYFSY;VENLHLPLPLL;VEQKHIQKE;VKITVDDKHY;VSRHFASYAN;VYLAELHF;YTFPFH,False,False,unlabeled_not_negative,False,BIOPEP_rule_based_combined_enzyme_simulation
I,1,True,2,2,GIPLPLI;MDFLI,False,False,unlabeled_not_negative,False,BIOPEP_rule_based_combined_enzyme_simulation
K,1,True,109,119,AFKDEDTEEVPFR;ALKAWSVAR;AMKPW;AMKPWIQPK;DPYKLRP;ERKIKVYL;ETSGMKPTEL;FALPQYLK;FKCRRW;FKGRYYP;FLKPLFNAALKLLP;GHKIATFQER;GKKIATYQER;GKKVLQ;GMKCAF;GVYPHK;HDWWKER;HKEMPFPK;HLFGPPGKKDPV;IAYKPAG;INKVVR;IPALLKR;IPAVFK;KAAAAP;KAAAATP;KAPVA;KAVPYPQ;KDERF;KEDDEEEEQGEEE;KEDVPSE;KFHSGIQSEPKAIP;KFPQY;KGYGGVSL;KGYGGVSLPEW;KIHPFAQT;KIHPFAQTQSLVYP;KIMKGE;KIYPSFQPQPLIYP;KKIATYQER;KKYKVPQ;KLLLRRLQ;KLYMRP;KNGDGY;KPGRP;KPPETV;KPTPEGDL;KPVAAP;KRNKNNIA;KRQKYDI;KVEGDLK;KVHSSIQSQPQAFT;KVLAGM;KVLILA;KVLPG;KVLPVP;KVLPVPQ;KVREGT;KVREGTTY;KWEKPF;KYIPIQ;LAHKAL;LAPYK;LIWKL;LKIPLY;LKIPVA;LKISQ;LKKISQ;LKPNM;LKVGVKQY;LKYAT;LKYPI;LRENNKLMLLELK;LSERRMLLRKEKQAQ;MAIPPKK;MKPWIQPK;MNVKHWPWMK;MPFLFK;NKGPR;PGTAVFK;PKHKEMPFPPKYPVEPFT;PSSNK;PVLKD;PYKLRP;QQRRLLRRK;RINKK;RKRAAQ;RLLLKLRQ;RMLGQTPWK;RNEQMGAGRLGRLRK;RRARGERMSRRK;RRQRRRRMRKDK;TGLKP;THDWWKER;TLKYP;TYKEE;VFKAF;VGINYWLAHK;VGVIKAVDKKAGGAGKVT;VKKVLGNP;VLAQYK;VLDTDYK;VTVNPYKWLP;WKVIP;WLAHK;YDDGSYKPH;YGNWLYK;YIEAVNKVSPRAGQF;YKLRP;YKVPQL,False,False,unlabeled_not_negative,False,BIOPEP_rule_based_combined_enzyme_simulation
L,1,True,163,217,AGPVLL;ASQSIWLPGWL;AYLQAQQLLPFNQLVRSPAA;CWLPVY;DNLLN;DPYKLRP;DVENLHLPLPL;EIVPNSAEERLH;ENGLPVHLDQSIFRR;ENGLPVHLDQSIFRRP;ENLHLPLP;ENLHLPLPLL;EPIPYGFLP;EQGFLPGPEESGR;ERKIKVYL;EVMAGNLYPG;EVMAGNYLPG;FALPQYLK;FDKLPGFGD;FDRPFL;FLKPLFNAALKLLP;FNQLAALNSAAYLQQQQLLPFSQLA;FPQYLQY;GPLGLLGFLGPLGLS;HLFGPPGKKDPV;HLNVVHEN;HLPLP;HPHPHLSF;IFENLQN;IKLPP;IPALLKR;KLLLRRLQ;KLYMRP;LAHKAL;LALPA;LALPP;LAPPG;LAPSLPGKPKPD;LAPSTIK;LAPYK;LASPTM;LAYFYP;LDAQSAPLR;LDIQK;LEEAF;LENLHLPLP;LFLIKH;LFSGGES;LFVAAP;LGAVPPRY;LGDARNSPAPP;LGECGGR;LGHWVY;LGPLGHQ;LGPVRGPFP;LHLPLP;LHLPLPL;LHPGDAQR;LIIPEH;LIIPQH;LIVGFPAYGH;LIVTQ;LIWKL;LKIPLY;LKIPVA;LKISQ;LKKISQ;LKPNM;LKVGVKQY;LKYAT;LKYPI;LLDPR;LLHSPP;LLMPK;LLNPPHQIYP;LLPSY;LLSQTPRY;LLYQQPV;LMSPH;LNNSRAP;LNPPHQIYP;LNVPGEIVE;LPAGA;LPAGV;LPILR;LPLPLL;LPPGPFP;LPQNILP;LPYPY;LRENNKLMLLELK;LSERRMLLRKEKQAQ;LSMGSASLSP;LSNGK;LSSGDVF;LTFPG;LTLTDVE;LTPTSN;LTQTPVVVPPF;LTSVLMA;LVLPGE;LVVDGEGY;LVVYPWTQ;LVVYPWTQR;LVYPFP;LVYPFPGPIH;LVYPFPGPIPNSLPQN;LVYPFPGPIPNSLPQNIPP;LYHVL;LYPVK;MDFLI;MILLLFR;MLPVY;MPFLFK;NLHLP;NLHLPLP;NLHLPLPLL;PANLPWGSSNV;PDWFLLL;PLPLL;PPFLQPEV;PPPVHL;PVVVPPFLQPEV;PYKLRP;PYVRYL;QLADVSPAAFLTQQQLLPFYLHAM;QLGFLGPR;QQRRLLRRK;RADHPFL;RASDPLLSV;REYLLVAQ;RLLLKLRQ;RMLGNTPTK;RMLGQTP;RMLGQTPTK;RMLGQTPWK;RNEQMGAGRLGRLRK;RYLGY;TNLDWY;TPVVVPPFLQP;VENLHLPLPLL;VGINYWLAHK;VHLAP;VHLPP;VHLPPP;VPSERYL;VTVNPYKWLP;VYLAELHF;VYLPRM;WLAHK;YGFLP;YGNWLYK;YKLRP;YLAGNQ;YLGYLE;YLLVR;YLYEIA;YLYEIAR;YLYEIARR;YLYSPAY;YQKFPQYL;YVPHWNL;YYLLVR;YYLVR,False,False,unlabeled_not_negative,False,BIOPEP_rule_based_combined_enzyme_simulation
M,1,True,37,39,KLYMRP;LKPNM;LLMPK;LMSPH;LRENNKLMLLELK;LSERRMLLRKEKQAQ;LTSVLMA;MAIPPK;MAIPPKK;MAMPLW;MDFLI;MEGAQEAQGD;MIFPGAGGPEL;MIFPGGPQL;MILLLFR;MKPWIQPK;MLPVY;MNPPK;MNVKHWPWMK;MPACGS;MPFLFK;MPFPK;MPVHTDAD;MRWRD;MTEEY;MVGSAPGVL;MYPGIA;NMAINPSK;QSWMHQPHQ;RMLGNTPTK;RMLGQTP;RMLGQTPTK;RMLGQTPWK;RRARGERMSRRK;RRQRRRRMRKDK;VYLPRM;WPEAAELMMEVDP,False,False,unlabeled_not_negative,False,BIOPEP_rule_based_combined_enzyme_simulation
N,1,True,47,54,ADVFNPR;ALNEINQFY;ALNEINQFYQK;AMNPP;AYLQAQQLLPFNQLVRSPAA;CRQNTLGHNTQTSIAQ;DNLLN;FFRNR;FLKPLFNAALKLLP;FNQLAALNSAAYLQQQQLLPFSQLA;HLNVVHEN;IKPLNY;IWHHTFYNELR;KNGDGY;KRNKNNIA;LGDARNSPAPP;LLNPPHQIYP;LNNSRAP;LNPPHQIYP;LNVPGEIVE;LRENNKLMLLELK;MNPPK;MNVKHWPWMK;NGGPPT;NGTWFEPP;NIFYCP;NIPPLTQTPV;NIYQIS;NKGPR;NLHLP;NLHLPLP;NLHLPLPLL;NMAINPSK;NPPHQIYP;NPPSV;NRVYVHPF;NWGPLV;NYVADGLG;PVNNPQIH;QVSLNSGYY;RNAVPITPTL;RNDDLNYIQ;RNEQMGAGRLGRLRK;SDNRNQGY;VFNNNPQE;VYNEGLPAP;YVPHWNL,False,False,unlabeled_not_negative,False,BIOPEP_rule_based_combined_enzyme_simulation
P,1,True,94,94,AFVGYVLP;AQTQSLVYP;ARHPHP;AVPYP;AVVRP;AYFYP;DKIHP;DKIYPSFQPQPLIYP;DPYKLRP;DYGLYP;EKSYELP;ENGLPVHLDQSIFRRP;ENLHLPLP;EPIPYGFLP;EVSQGRP;FAQTQSLVYP;FCVLRP;FKGRYYP;FLKPLFNAALKLLP;FQPQPLIYP;GFPGLP;GILRP;GRVMP;GVHTFP;HLPLP;HPFAQTQSLVYP;HQIYP;IAGRP;IHPFAQTQSLVYP;IPQEVLP;IQSQPQAFP;ITTNP;IYPSFQPQPLIYP;KIHPFAQTQSLVYP;KIYPSFQPQPLIYP;KLYMRP;KPGRP;LAYFYP;LENLHLPLP;LGPVRGPFP;LHLPLP;LLNPPHQIYP;LNPPHQIYP;LPPGPFP;LPQNILP;LVYPFP;NLHLP;NLHLPLP;NPPHQIYP;PAVVLP;PHQIYP;PLIYP;PNSHP;PPHQIYP;PQAFP;PQEVLP;PQNILP;PQPLIYP;PQTLALP;PSFQPQPLIYP;PYKLRP;QEPVLGPVRGPFP;QPLIYP;QPQAFP;QPQPLIYP;QSLVYP;QSQPQAFP;QTQSLVYP;RHPHP;RVCLP;SFQPQPLIYP;SIQSQPQAFP;SKVYP;SLVYP;SQPQAFP;TDQHQDKIYP;TGLKP;TLKYP;TQSLVYP;TVYTKGRVMP;VAPFP;VELYP;VIEKYP;VKKVLGNP;VLPYP;VLSRYP;VRGPFP;VTVNPYKWLP;WEPFP;YANPAVVRP;YGFLP;YKLRP;YPSFQPQPLIYP;YYQQKP,False,False,unlabeled_not_negative,False,BIOPEP_rule_based_combined_enzyme_simulation
Q,1,True,9,9,ADDFYYQ;EKERERQ;GKKVLQ;KLLLRRLQ;LGPLGHQ;QSWMHQPHQ;RLLLKLRQ;RPKHPIKHQ;YLAGNQ,False,False,unlabeled_not_negative,False,BIOPEP_rule_based_combined_enzyme_simulation
R,1,True,69,90,AFKDEDTEEVPFR;DAQSAPLRVY;DPYKLRP;ENGLPVHLDQSIFRR;ENGLPVHLDQSIFRRP;ERQEKR;FAGDDAPRR;FCVLRP;FFRNR;FKCRRW;FQKPKR;FRAEHPL;GILRP;HFEAMR;IPALLKR;IVGRRRHQG;IWHHTFYNELR;KLLLRRLQ;KLYMRP;KRNKNNIA;KRQKYDI;LDAQSAPLR;LPILR;LRENNKLMLLELK;LSERRMLLRKEKQAQ;MILLLFR;MRWRD;NRVYVHPF;PWDQVKR;PYKLRP;QQRRLLRRK;RADFY;RADHPF;RADHPFL;RASDPLLSV;REYLLVAQ;RGLSK;RGPFPIIV;RHPHP;RIGLF;RINKK;RKRAAQ;RLLLKLRQ;RMLGNTPTK;RMLGQTP;RMLGQTPTK;RMLGQTPWK;RNAVPITPTL;RNDDLNYIQ;RNEQMGAGRLGRLRK;RPKHPIKHQ;RPSYT;RRARGERMSRRK;RRQRRRRMRKDK;RRWQWR;RSIKGF;RVCLP;RVFDGAV;RVPSL;RWAEK;RYLGY;RYQKF;SDNRNQGY;SGPLRPFF;VECYGPNRPQF;VKCFR;VVYPWR;YKLRP;YLYEIARR,False,False,unlabeled_not_negative,False,BIOPEP_rule_based_combined_enzyme_simulation
S,1,True,1,1,GPLGLLGFLGPLGLS,False,False,unlabeled_not_negative,False,BIOPEP_rule_based_combined_enzyme_simulation
T,1,True,9,9,HSSIQSQPQAFT;IPIPATKT;IWHHT;KVHSSIQSQPQAFT;PKHKEMPFPPKYPVEPFT;RPSYT;SSIQSQPQAFT;TESQSLT;VHSSIQSQPQAFT,False,False,unlabeled_not_negative,False,BIOPEP_rule_based_combined_enzyme_simulation
V,1,True,4,4,GPFPILV;NWGPLV;PANLPWGSSNV;WGHGNPHV,False,False,unlabeled_not_negative,False,BIOPEP_rule_based_combined_enzyme_simulation
W,1,True,36,37,DKVGINYW;FKCRRW;GAAELPCSADWW;HDWWKER;HERDPTHIKWGD;IITNW;KWEKPF;LGHWVY;MAMPLW;MNVKHWPWMK;MRWRD;NWGPLV;PANIKWGD;PSKIKWGD;PTHIKWGD;RRWQWR;RWAEK;THDWWKER;TTMPLW;VGINYWLAHK;VTVNPYKWLP;WEPFP;WGHGNPHV;WKVIP;WLAHK;WPEAAELMMEVDP;WPERPPQIP;WSVPQPK;WVPSV;WYQQVPGSGL;WYSLA;WYSLAM;WYSLAMA;YGNWLYK;YVPHWDL;YVPHWNL,False,False,unlabeled_not_negative,False,BIOPEP_rule_based_combined_enzyme_simulation
Y,1,True,122,138,ADDFYYQ;AKYSY;ALNEINQFY;ALNEINQFYQK;AYFYP;AYFYPE;AYFYPEL;AYFYPELF;DGVVYY;DIGYY;DKVGINY;DKVGINYW;DYGLYP;EVMAGNLYPG;EVMAGNYLPG;FCLYELAR;FKGRYYP;FYPEL;HYVPV;IKPLNY;IWHHTFYNELR;IYPRY;KKYKVPQ;KLYMRP;KRQKYDI;KYIPIQ;LAYFYP;LGAVPPRY;LKIPLY;LKYAT;LKYPI;LLSQTPRY;LLYQQPV;LYHVL;LYPVK;MYPGIA;NIFYCP;NYVADGLG;PKHKEMPFPPKYPVEPFT;PSGQYY;PYVRYL;QFYAV;QLADVSPAAFLTQQQLLPFYLHAM;QVSLNSGYY;RADFY;RNDDLNYIQ;RYLGY;RYQKF;SFYPDY;SRYPS;SSHEKY;TLKYP;TNLDWY;TSFYPDY;VAGTWY;VELYP;VGINYWLAHK;VIEKYP;VKITVDDKHY;VLSRYP;VPSERYL;VSGAGRY;WYQQVPGSGL;WYSLA;WYSLAM;WYSLAMA;YAAAT;YAEERYPIL;YAGGS;YAKPA;YALPHA;YANPAVVRP;YDDER;YDDGSYKPH;YETGNGIK;YFYPEL;YGFLP;YGLVAGTW;YGNPVGGVGH;YGNWLYK;YIEAVNKVSPRAGQF;YINQMPQKSRE;YINQMPQKSREA;YIPIQY;YKLRP;YKVPQL;YLAGNQ;YLGYLE;YLLVR;YLYEIA;YLYEIAR;YLYEIARR;YLYSPAY;YPFPGPI;YPFPGPIP;YPFPGPIPN;YPFVEP;YPLDL;YPLDLF;YPSFQPQPLIYP;YPSPV;YPVQPFTE;YPWTQR;YQEPVL;YQEPVLG;YQEPVLQPVR;YQKFPQY;YQKFPQYL;YQQKPVAL;YQQPVL;YQQPVLGPVR;YSQQQQ;YTFPFH;YVPHWDL;YVPHWNL;YYAKPAAVR;YYAPF;YYAPFDGIL;YYAPFE;YYLLVR;YYLVR;YYQQKP,False,False,unlabeled_not_negative,False,BIOPEP_rule_based_combined_enzyme_simulation
AF,2,True,4,4,AFDAVGVK;AFKDEDTEEVPFR;AFVGYVLP;VFKAF,True,True,positive_evidence,True,BIOPEP_rule_based_combined_enzyme_simulation
AH,2,True,4,4,AHEPVK;LAHKAL;VGINYWLAHK;WLAHK,True,True,positive_evidence,True,BIOPEP_rule_based_combined_enzyme_simulation
AK,2,True,3,3,AKYSY;YAKPA;YYAKPAAVR,True,False,positive_evidence,True,BIOPEP_rule_based_combined_enzyme_simulation
AL,2,True,15,15,AGTTCLFTPLALPYDYSH;ALKAWSVAR;ALNEINQFY;ALNEINQFYQK;ALPHA;ALPMH;ALPMHIR;FALPQY;FALPQYLK;GYALPHA;LAHKAL;LALPA;LALPP;PQTLALP;YALPHA,False,True,positive_evidence,True,BIOPEP_rule_based_combined_enzyme_simulation
AM,2,True,9,9,AMKPW;AMKPWIQPK;AMNPP;AMPKPW;MAMPLW;QLADVSPAAFLTQQQLLPFYLHAM;SALAM;WYSLAM;WYSLAMA,False,False,unlabeled_not_negative,True,BIOPEP_rule_based_combined_enzyme_simulation
AN,2,True,2,2,VSRHFASYAN;YANPAVVRP,False,False,unlabeled_not_negative,True,BIOPEP_rule_based_combined_enzyme_simulation
AP,2,True,3,3,AAPLAP;LNNSRAP;VHLAP,True,True,positive_evidence,True,BIOPEP_rule_based_combined_enzyme_simulation
AR,2,True,4,4,ARHPH;ARHPHP;FCLYELAR;RRARGERMSRRK,True,True,positive_evidence,True,BIOPEP_rule_based_combined_enzyme_simulation
AT,2,True,1,1,LKYAT,False,False,unlabeled_not_negative,True,BIOPEP_rule_based_combined_enzyme_simulation
AV,2,True,1,1,QFYAV,True,True,positive_evidence,True,BIOPEP_rule_based_combined_enzyme_simulation
AW,2,True,1,1,ALKAWSVAR,True,True,positive_evidence,True,BIOPEP_rule_based_combined_enzyme_simulation
AY,2,True,6,6,AYFYP;AYFYPE;AYFYPEL;AYFYPELF;AYLQAQQLLPFNQLVRSPAA;LAYFYP,True,True,positive_evidence,True,BIOPEP_rule_based_combined_enzyme_simulation
CF,2,True,1,1,VKCFR,True,True,positive_evidence,True,BIOPEP_rule_based_combined_enzyme_simulation
CL,2,True,1,1,FCLYELAR,False,False,unlabeled_not_negative,True,BIOPEP_rule_based_combined_enzyme_simulation
CM,2,True,1,1,CMENSA,False,False,unlabeled_not_negative,True,BIOPEP_rule_based_combined_enzyme_simulation
CP,2,True,1,1,NIFYCP,False,False,unlabeled_not_negative,True,BIOPEP_rule_based_combined_enzyme_simulation
CR,2,True,3,3,AQQLAAQLPAMCR;CRQNTLGHNTQTSIAQ;FKCRRW,False,False,unlabeled_not_negative,True,BIOPEP_rule_based_combined_enzyme_simulation
CW,2,True,1,1,CWLPVY,False,False,unlabeled_not_negative,True,BIOPEP_rule_based_combined_enzyme_simulation
CY,2,True,1,1,SPYCYG,False,False,unlabeled_not_negative,True,BIOPEP_rule_based_combined_enzyme_simulation
DF,2,True,2,2,DFVAP;MDFLI,True,True,positive_evidence,True,BIOPEP_rule_based_combined_enzyme_simulation
DI,2,True,1,1,KRQKYDI,False,False,unlabeled_not_negative,True,BIOPEP_rule_based_combined_enzyme_simulation
DK,2,True,7,7,DKIHP;DKIHPF;DKIYPSFQPQPLIYP;DKVGINY;DKVGINYW;FDKLPGFGD;RRQRRRRMRKDK,False,True,positive_evidence,True,BIOPEP_rule_based_combined_enzyme_simulation
DL,2,True,3,3,YPLDL;YPLDLF;YVPHWDL,True,True,positive_evidence,True,BIOPEP_rule_based_combined_enzyme_simulation
DM,2,True,1,1,DMIPAQK,True,True,positive_evidence,True,BIOPEP_rule_based_combined_enzyme_simulation
DN,2,True,1,1,DNLLN,False,False,unlabeled_not_negative,True,BIOPEP_rule_based_combined_enzyme_simulation
DR,2,True,1,1,FDRPFL,True,False,positive_evidence,True,BIOPEP_rule_based_combined_enzyme_simulation
DW,2,True,3,3,HDWWKER;THDWWKER;TNLDWY,True,True,positive_evidence,True,BIOPEP_rule_based_combined_enzyme_simulation
DY,2,True,2,2,AGTTCLFTPLALPYDYSH;DYGLYP,True,True,positive_evidence,True,BIOPEP_rule_based_combined_enzyme_simulation
EA,2,True,1,1,YINQMPQKSREA,True,True,positive_evidence,True,BIOPEP_rule_based_combined_enzyme_simulation
EE,2,True,1,1,TYKEE,False,False,unlabeled_not_negative,True,BIOPEP_rule_based_combined_enzyme_simulation
EK,2,True,7,7,EKDERF;EKERERQ;EKSYELP;EKVNELSK;KWEKPF;LSERRMLLRKEKQAQ;SSHEKY,True,True,positive_evidence,True,BIOPEP_rule_based_combined_enzyme_simulation
EL,2,True,5,5,EKSYELP;EKVNELSK;FCLYELAR;IWHHTFYNELR;LRENNKLMLLELK,False,False,unlabeled_not_negative,True,BIOPEP_rule_based_combined_enzyme_simulation
EM,2,True,3,3,EMPFPK;HKEMPFPK;PKHKEMPFPPKYPVEPFT,False,False,unlabeled_not_negative,True,BIOPEP_rule_based_combined_enzyme_simulation
EN,2,True,11,11,CMENSA;ENGLPVHLDQSIFRR;ENGLPVHLDQSIFRRP;ENLHLPLP;ENLHLPLPLL;FEGTVFENG;HLNVVHEN;IFENLQN;IIPLEN;LENLHLPLP;LRENNKLMLLELK,False,False,unlabeled_not_negative,True,BIOPEP_rule_based_combined_enzyme_simulation
ER,2,True,6,7,EKERERQ;ERKIKVYL;ERQEKR;HDWWKER;HERDPTHIKWGD;THDWWKER,True,True,positive_evidence,True,BIOPEP_rule_based_combined_enzyme_simulation
EY,2,True,1,1,REYLLVAQ,True,True,positive_evidence,True,BIOPEP_rule_based_combined_enzyme_simulation
GA,2,True,1,1,FGASTRGA,True,True,positive_evidence,True,BIOPEP_rule_based_combined_enzyme_simulation
GD,2,True,5,5,FDKLPGFGD;HERDPTHIKWGD;PANIKWGD;PSKIKWGD;PTHIKWGD,True,True,positive_evidence,True,BIOPEP_rule_based_combined_enzyme_simulation
GE,2,True,1,1,KIMKGE,True,True,positive_evidence,True,BIOPEP_rule_based_combined_enzyme_simulation
GF,2,True,9,9,EPIPYGFLP;GFPGER;GFPGLP;GPLGLLGFLGPLGLS;GPRGF;QLGFLGPR;RSIKGF;VGPAPWGF;YGFLP,True,True,positive_evidence,True,BIOPEP_rule_based_combined_enzyme_simulation
GH,2,True,7,9,CRQNTLGHNTQTSIAQ;GHKIATFQER;IVGFPAYGH;LGHWVY;LGPLGHQ;LIVGFPAYGH;WGHGNPHV,True,True,positive_evidence,True,BIOPEP_rule_based_combined_enzyme_simulation
GK,2,True,9,9,FFVAPFPEVFGK;FFVAPFPFEVFGK;FPEVFGK;FPFEVFGK;GKDAVIV;GKKIATYQER;GKKVLQ;LSNGK;PFPEVFGK,True,True,positive_evidence,True,BIOPEP_rule_based_combined_enzyme_simulation
GL,2,True,12,13,DYGLYP;ENGLPVHLDQSIFRR;ENGLPVHLDQSIFRRP;GLDIQK;GLPPGPPIPP;GLPQE;GLTGRPGDAGPQGK;GLTSK;GPLGLLGFLGPLGLS;PGPLGLTGP;RGLSK;YGLVAGTW,True,True,positive_evidence,True,BIOPEP_rule_based_combined_enzyme_simulation
GM,2,True,2,2,GMKCAF;IVRDPNGMGAW,True,True,positive_evidence,True,BIOPEP_rule_based_combined_enzyme_simulation
GN,2,True,6,6,GNPVGGVGHGTTGT;RMLGNTPTK;VKKVLGNP;WGHGNPHV;YGNPVGGVGH;YGNWLYK,False,False,unlabeled_not_negative,True,BIOPEP_rule_based_combined_enzyme_simulation
GP,2,True,2,2,GSAGPAGPSGPRGP;TFPHGP,True,True,positive_evidence,True,BIOPEP_rule_based_combined_enzyme_simulation
GR,2,True,6,6,FFGRCVSP;FGRCVSP;FKGRYYP;GRVMP;RNEQMGAGRLGRLRK;TVYTKGRVMP,True,True,positive_evidence,True,BIOPEP_rule_based_combined_enzyme_simulation
GV,2,True,1,1,GVHGV,True,True,positive_evidence,True,BIOPEP_rule_based_combined_enzyme_simulation
GY,2,True,5,5,GYALPHA;KGYGGVSL;KGYGGVSLPEW;RYLGY;YLGYLE,True,True,positive_evidence,True,BIOPEP_rule_based_combined_enzyme_simulation
IA,2,True,1,1,KRNKNNIA,True,True,positive_evidence,True,BIOPEP_rule_based_combined_enzyme_simulation
IF,2,True,6,6,DDQIHIF;IFENLQN;IFVPAF;MIFPGAGGPEL;MIFPGGPQL;NIFYCP,True,True,positive_evidence,True,BIOPEP_rule_based_combined_enzyme_simulation
IH,2,True,5,5,DKIHP;DKIHPF;IHPFAQTQSLVYP;KIHPFAQT;KIHPFAQTQSLVYP,False,False,unlabeled_not_negative,True,BIOPEP_rule_based_combined_enzyme_simulation
IK,2,True,8,8,ERKIKVYL;HERDPTHIKWGD;IKLPP;IKPLNY;LFLIKH;PANIKWGD;PSKIKWGD;PTHIKWGD,False,True,positive_evidence,True,BIOPEP_rule_based_combined_enzyme_simulation
IL,2,True,5,5,ILVDR;KVLILA;LPQNILP;MILLLFR;PQNILP,True,True,positive_evidence,True,BIOPEP_rule_based_combined_enzyme_simulation
IM,2,True,1,1,KIMKGE,False,False,unlabeled_not_negative,True,BIOPEP_rule_based_combined_enzyme_simulation
IN,2,True,4,4,INKVVR;RINKK;YINQMPQKSRE;YINQMPQKSREA,False,True,positive_evidence,True,BIOPEP_rule_based_combined_enzyme_simulation
IQ,2,True,1,1,RNDDLNYIQ,False,True,positive_evidence,True,BIOPEP_rule_based_combined_enzyme_simulation
IR,2,True,4,4,ALPMHIR;IRAQQ;IRPVQ;QDQHQKIR,True,True,positive_evidence,True,BIOPEP_rule_based_combined_enzyme_simulation
IW,2,True,3,3,IWHHT;IWHHTFYNELR;LIWKL,True,True,positive_evidence,True,BIOPEP_rule_based_combined_enzyme_simulation
IY,2,True,16,19,DKIYPSFQPQPLIYP;FQPQPLIYP;IYEGY;IYPRY;IYPSFQPQPLIYP;IYSPH;KIYPSFQPQPLIYP;NIYQIS;PLIYP;PQPLIYP;PSFQPQPLIYP;QPLIYP;QPQPLIYP;SFQPQPLIYP;TDQHQDKIYP;YPSFQPQPLIYP,True,True,positive_evidence,True,BIOPEP_rule_based_combined_enzyme_simulation
PA,2,True,2,2,LALPA;YAKPA,True,True,positive_evidence,True,BIOPEP_rule_based_combined_enzyme_simulation
PD,2,True,1,1,LAPSLPGKPKPD,False,False,unlabeled_not_negative,True,BIOPEP_rule_based_combined_enzyme_simulation
PE,2,True,1,1,AYFYPE,False,False,unlabeled_not_negative,True,BIOPEP_rule_based_combined_enzyme_simulation
PF,2,True,38,38,AYLQAQQLLPFNQLVRSPAA;DKIHPF;EMPFPK;FDRPFL;FFVAPFPFEVFGK;FNQLAALNSAAYLQQQQLLPFSQLA;FPFEVFGK;HKEMPFPK;HPFAQTQSLVYP;IHPFAQTQSLVYP;KIHPFAQT;KIHPFAQTQSLVYP;KWEKPF;LVYPFP;LVYPFPGPIH;LVYPFPGPIPNSLPQN;LVYPFPGPIPNSLPQNIPP;MPFLFK;MPFPK;NRVYVHPF;PFFDPQIP;PFPEVFGK;PFPGPIH;PFPGPIPN;PKHKEMPFPPKYPVEPFT;QLADVSPAAFLTQQQLLPFYLHAM;RADHPF;RADHPFL;SGPLRPFF;SKVYPFPGPI;VYPFPG;VYPFPGPI;VYPFPGPIPN;YPFPGPI;YPFPGPIP;YPFPGPIPN;YPFVEP;YTFPFH,False,True,positive_evidence,True,BIOPEP_rule_based_combined_enzyme_simulation
PG,2,True,6,6,EVMAGNLYPG;EVMAGNYLPG;KVLPG;LTFPG;QELPG;VYPFPG,True,True,positive_evidence,True,BIOPEP_rule_based_combined_enzyme_simulation
PH,2,True,12,13,ALPHA;ARHPH;ARHPHP;GVYPHK;GYALPHA;HPHPHLSF;PHQIYP;RHPHP;TFPHGP;WGHGNPHV;YALPHA;YDDGSYKPH,True,True,positive_evidence,True,BIOPEP_rule_based_combined_enzyme_simulation
PI,2,True,1,1,LKYPI,False,True,positive_evidence,True,BIOPEP_rule_based_combined_enzyme_simulation
PK,2,True,13,13,AMPKPW;EMPFPK;FDPFPK;FFFPK;FQKPKR;HKEMPFPK;LAPSLPGKPKPD;LLMPK;MPFPK;PKAIP;PKHKEMPFPPKYPVEPFT;PLFPK;RPKHPIKHQ,False,True,positive_evidence,True,BIOPEP_rule_based_combined_enzyme_simulation
PL,2,True,23,31,DVENLHLPLPL;ENLHLPLP;ENLHLPLPLL;FLKPLFNAALKLLP;FRAEHPL;GIPLPLI;HLPLP;IKPLNY;LENLHLPLP;LHLPLP;LHLPLPL;LPLPLL;MAMPLW;NLHLPLP;NLHLPLPLL;PLFPK;PLIYP;PLPLL;TPLPLAGPPR;TTMPLW;VENLHLPLPLL;YPLDL;YPLDLF,True,True,positive_evidence,True,BIOPEP_rule_based_combined_enzyme_simulation
PM,2,True,2,2,ALPMH;ALPMHIR,False,False,unlabeled_not_negative,True,BIOPEP_rule_based_combined_enzyme_simulation
PN,2,True,2,2,LKPNM;PNSHP,False,False,unlabeled_not_negative,True,BIOPEP_rule_based_combined_enzyme_simulation
PP,2,True,5,5,AMNPP;IKLPP;LALPP;PSNPP;VHLPP,True,True,positive_evidence,True,BIOPEP_rule_based_combined_enzyme_simulation
PQ,2,True,1,1,KAVPYPQ,True,True,positive_evidence,True,BIOPEP_rule_based_combined_enzyme_simulation
PR,2,True,5,5,ADVFNPR;IVGRPR;IVGRPRHQG;IYPRY;VYLPRM,True,True,positive_evidence,True,BIOPEP_rule_based_combined_enzyme_simulation
PS,2,True,1,1,SRYPS,False,False,unlabeled_not_negative,True,BIOPEP_rule_based_combined_enzyme_simulation
PV,2,True,3,3,TIIPLPV;VAPEEHPV;VLPYPV,False,False,unlabeled_not_negative,True,BIOPEP_rule_based_combined_enzyme_simulation
PW,2,True,14,14,AMKPW;AMKPWIQPK;AMPKPW;LVVYPWTQ;LVVYPWTQR;MKPWIQPK;MNVKHWPWMK;PANLPWGSSNV;PWDQVKR;VVYPW;VVYPWR;VVYPWTQ;VVYPWTQRF;YPWTQR,False,False,unlabeled_not_negative,True,BIOPEP_rule_based_combined_enzyme_simulation
PY,2,True,9,10,AGTTCLFTPLALPYDYSH;LPYPY;PYKLRP;PYPQR;PYVRYL;SFHPYFSY;VLPYP;VLPYPV;VTVNPYKWLP,False,True,positive_evidence,True,BIOPEP_rule_based_combined_enzyme_simulation
QF,2,True,3,3,ALNEINQFY;ALNEINQFYQK;QFYAV,False,True,positive_evidence,True,BIOPEP_rule_based_combined_enzyme_simulation
QG,2,True,2,2,IVGRPRHQG;IVGRRRHQG,True,True,positive_evidence,True,BIOPEP_rule_based_combined_enzyme_simulation
QK,2,True,10,10,ALNEINQFYQK;FQKPKR;FQKVVA;FQKVVAG;FQKVVAK;KRQKYDI;QDQHQKIR;RYQKF;YQKFPQY;YQKFPQYL,True,True,positive_evidence,True,BIOPEP_rule_based_combined_enzyme_simulation
QL,2,True,4,4,AYLQAQQLLPFNQLVRSPAA;FNQLAALNSAAYLQQQQLLPFSQLA;QLADVSPAAFLTQQQLLPFYLHAM;QLGFLGPR,False,False,unlabeled_not_negative,True,BIOPEP_rule_based_combined_enzyme_simulation
QM,2,True,2,2,YINQMPQKSRE;YINQMPQKSREA,False,False,unlabeled_not_negative,True,BIOPEP_rule_based_combined_enzyme_simulation
QN,2,True,2,2,CRQNTLGHNTQTSIAQ;IFENLQN,False,True,positive_evidence,True,BIOPEP_rule_based_combined_enzyme_simulation
QP,2,True,2,2,PSFQP;TPVVVPPFLQP,True,True,positive_evidence,True,BIOPEP_rule_based_combined_enzyme_simulation
QR,2,True,1,1,RRQRRRRMRKDK,False,False,unlabeled_not_negative,True,BIOPEP_rule_based_combined_enzyme_simulation
QW,2,True,1,1,RRWQWR,False,False,unlabeled_not_negative,True,BIOPEP_rule_based_combined_enzyme_simulation
QY,2,True,2,2,FPQYLQY;LKVGVKQY,False,False,unlabeled_not_negative,True,BIOPEP_rule_based_combined_enzyme_simulation
SA,2,True,1,1,CMENSA,False,False,unlabeled_not_negative,True,BIOPEP_rule_based_combined_enzyme_simulation
SF,2,True,4,4,HPHPHLSF;SFHPYFSY;SFQPQPLIYP;SFYPDY,True,True,positive_evidence,True,BIOPEP_rule_based_combined_enzyme_simulation
SH,2,True,2,2,AGTTCLFTPLALPYDYSH;PNSHP,False,False,unlabeled_not_negative,True,BIOPEP_rule_based_combined_enzyme_simulation
SK,2,True,7,7,EKVNELSK;IPPAYSK;RGLSK;SKVLPVPE;SKVYP;SKVYPFPGPI;VNGSEKSKF,False,False,unlabeled_not_negative,True,BIOPEP_rule_based_combined_enzyme_simulation
SL,2,True,8,8,LVYPFPGPIPNSLPQN;LVYPFPGPIPNSLPQNIPP;SLPQN;SLVLPVPE;SLVYP;WYSLA;WYSLAM;WYSLAMA,False,True,positive_evidence,True,BIOPEP_rule_based_combined_enzyme_simulation
SM,2,True,1,1,LSMGSASLSP,False,False,unlabeled_not_negative,True,BIOPEP_rule_based_combined_enzyme_simulation
SN,2,True,1,1,LSNGK,False,False,unlabeled_not_negative,True,BIOPEP_rule_based_combined_enzyme_simulation
SP,2,True,1,1,LSMGSASLSP,False,False,unlabeled_not_negative,True,BIOPEP_rule_based_combined_enzyme_simulation
SR,2,True,6,6,LNNSRAP;RRARGERMSRRK;SRYPS;VLSRYP;YINQMPQKSRE;YINQMPQKSREA,False,False,unlabeled_not_negative,True,BIOPEP_rule_based_combined_enzyme_simulation
SV,2,True,1,1,RASDPLLSV,False,False,unlabeled_not_negative,True,BIOPEP_rule_based_combined_enzyme_simulation
SY,2,True,3,3,AKYSY;EKSYELP;SFHPYFSY,True,True,positive_evidence,True,BIOPEP_rule_based_combined_enzyme_simulation
TE,2,True,1,1,YPVQPFTE,True,True,positive_evidence,True,BIOPEP_rule_based_combined_enzyme_simulation
TF,2,True,5,5,GVHTFP;IWHHTFYNELR;LTFPG;TFPHGP;YTFPFH,True,True,positive_evidence,True,BIOPEP_rule_based_combined_enzyme_simulation
TH,2,True,3,3,THDWWKER;THEAGAAP;THEATHEAP,False,False,unlabeled_not_negative,True,BIOPEP_rule_based_combined_enzyme_simulation
TK,2,True,2,2,TKVIP;TVYTKGRVMP,False,True,positive_evidence,True,BIOPEP_rule_based_combined_enzyme_simulation
TL,2,True,3,3,CRQNTLGHNTQTSIAQ;LTLTDVE;TLKYP,False,False,unlabeled_not_negative,True,BIOPEP_rule_based_combined_enzyme_simulation
TN,2,True,1,1,TNLDWY,False,False,unlabeled_not_negative,True,BIOPEP_rule_based_combined_enzyme_simulation
TQ,2,True,2,2,LVVYPWTQ;VVYPWTQ,True,True,positive_evidence,True,BIOPEP_rule_based_combined_enzyme_simulation
TY,2,True,1,1,TYKEE,False,False,unlabeled_not_negative,True,BIOPEP_rule_based_combined_enzyme_simulation
VF,2,True,5,5,PDLVF;RVFDGAV;VFKAF;VFNNNPQE;VFPGCPET,True,True,positive_evidence,True,BIOPEP_rule_based_combined_enzyme_simulation
VH,2,True,7,7,KVHSSIQSQPQAFT;NRVYVHPF;VHIPP;VHLAP;VHLPP;VHLPPP;VHSSIQSQPQAFT,False,False,unlabeled_not_negative,True,BIOPEP_rule_based_combined_enzyme_simulation
VK,2,True,5,5,MNVKHWPWMK;VKAGF;VKCFR;VKITVDDKHY;VKKVLGNP,True,True,positive_evidence,True,BIOPEP_rule_based_combined_enzyme_simulation
VL,2,True,21,21,AFVGYVLP;GKKVLQ;KVLAGM;KVLILA;KVLPG;KVLPVP;KVLPVPQ;LVLPGE;LYHVL;SKVLPVPE;SLVLPVPE;VKKVLGNP;VLAQYK;VLDTDYK;VLIVP;VLPIP;VLPIPQ;VLPVPQK;VLPYP;VLPYPV;VLSRYP,False,True,positive_evidence,True,BIOPEP_rule_based_combined_enzyme_simulation
VM,2,True,2,2,GRVMP;TVYTKGRVMP,True,False,positive_evidence,True,BIOPEP_rule_based_combined_enzyme_simulation
VN,2,True,2,2,EKVNELSK;VNGSEKSKF,False,False,unlabeled_not_negative,True,BIOPEP_rule_based_combined_enzyme_simulation
VR,2,True,10,10,AYLQAQQLLPFNQLVRSPAA;KVREGT;KVREGTTY;PYVRYL;VRGPFP;VRGPFPIIV;VRTPEVDD;YLLVR;YYLLVR;YYLVR,True,True,positive_evidence,True,BIOPEP_rule_based_combined_enzyme_simulation
VT,2,True,1,1,VGVIKAVDKKAGGAGKVT,False,False,unlabeled_not_negative,True,BIOPEP_rule_based_combined_enzyme_simulation
VY,2,True,25,25,AQTQSLVYP;DAQSAPLRVY;ERKIKVYL;FAQTQSLVYP;HPFAQTQSLVYP;IHPFAQTQSLVYP;KIHPFAQTQSLVYP;LGHWVY;LVYPFP;LVYPFPGPIH;LVYPFPGPIPNSLPQN;LVYPFPGPIPNSLPQNIPP;NRVYVHPF;QSLVYP;QTQSLVYP;SKVYP;SKVYPFPGPI;SLVYP;TQSLVYP;VYLAELHF;VYLPRM;VYNEGLPAP;VYPFPG;VYPFPGPI;VYPFPGPIPN,True,True,positive_evidence,True,BIOPEP_rule_based_combined_enzyme_simulation
AAL,3,True,2,2,FLKPLFNAALKLLP;FNQLAALNSAAYLQQQQLLPFSQLA,False,False,unlabeled_not_negative,True,BIOPEP_rule_based_combined_enzyme_simulation
AAQ,3,True,1,1,RKRAAQ,False,False,unlabeled_not_negative,True,BIOPEP_rule_based_combined_enzyme_simulation
ADF,3,True,1,1,RADFY,False,False,unlabeled_not_negative,True,BIOPEP_rule_based_combined_enzyme_simulation
ADH,3,True,2,2,RADHPF;RADHPFL,False,False,unlabeled_not_negative,True,BIOPEP_rule_based_combined_enzyme_simulation
AEH,3,True,1,1,FRAEHPL,False,False,unlabeled_not_negative,True,BIOPEP_rule_based_combined_enzyme_simulation
AEK,3,True,1,1,RWAEK,False,False,unlabeled_not_negative,True,BIOPEP_rule_based_combined_enzyme_simulation
AEL,3,True,1,1,VYLAELHF,True,True,positive_evidence,True,BIOPEP_rule_based_combined_enzyme_simulation
AGF,3,True,1,1,VKAGF,False,False,unlabeled_not_negative,True,BIOPEP_rule_based_combined_enzyme_simulation
AGH,3,True,1,1,VTGRFAGHPAAQ,False,False,unlabeled_not_negative,True,BIOPEP_rule_based_combined_enzyme_simulation
AGM,3,True,1,1,KVLAGM,False,False,unlabeled_not_negative,True,BIOPEP_rule_based_combined_enzyme_simulation
AGN,3,True,3,3,EVMAGNLYPG;EVMAGNYLPG;YLAGNQ,False,False,unlabeled_not_negative,True,BIOPEP_rule_based_combined_enzyme_simulation
AIN,3,True,1,1,NMAINPSK,False,False,unlabeled_not_negative,True,BIOPEP_rule_based_combined_enzyme_simulation
AIP,3,True,10,10,EPKAIP;FHSGIQSEPKAIP;GIQSEPKAIP;HSGIQSEPKAIP;IQSEPKAIP;KFHSGIQSEPKAIP;PKAIP;QSEPKAIP;SEPKAIP;SGIQSEPKAIP,True,True,positive_evidence,True,BIOPEP_rule_based_combined_enzyme_simulation
APF,3,True,3,3,YYAPF;YYAPFDGIL;YYAPFE,False,False,unlabeled_not_negative,True,BIOPEP_rule_based_combined_enzyme_simulation
APY,3,True,1,1,LAPYK,False,False,unlabeled_not_negative,True,BIOPEP_rule_based_combined_enzyme_simulation
AQQ,3,True,1,1,IRAQQ,False,False,unlabeled_not_negative,True,BIOPEP_rule_based_combined_enzyme_simulation
AQT,3,True,1,1,KIHPFAQT,False,False,unlabeled_not_negative,True,BIOPEP_rule_based_combined_enzyme_simulation
AQY,3,True,1,1,VLAQYK,False,False,unlabeled_not_negative,True,BIOPEP_rule_based_combined_enzyme_simulation
ASY,3,True,1,1,VSRHFASYAN,False,True,positive_evidence,True,BIOPEP_rule_based_combined_enzyme_simulation
ATY,3,True,1,1,VQKATY,False,False,unlabeled_not_negative,True,BIOPEP_rule_based_combined_enzyme_simulation
AVN,3,True,1,1,AVNPIR,False,False,unlabeled_not_negative,True,BIOPEP_rule_based_combined_enzyme_simulation
AVP,3,True,1,1,PVRAVP,True,True,positive_evidence,True,BIOPEP_rule_based_combined_enzyme_simulation
CAF,3,True,1,1,GMKCAF,False,False,unlabeled_not_negative,True,BIOPEP_rule_based_combined_enzyme_simulation
CVL,3,True,1,1,FCVLRP,False,False,unlabeled_not_negative,True,BIOPEP_rule_based_combined_enzyme_simulation
DAY,3,True,1,1,DAYPSGAW,False,False,unlabeled_not_negative,True,BIOPEP_rule_based_combined_enzyme_simulation
DDL,3,True,1,1,RNDDLNYIQ,False,False,unlabeled_not_negative,True,BIOPEP_rule_based_combined_enzyme_simulation
DER,3,True,2,2,EKDERF;KDERF,False,False,unlabeled_not_negative,True,BIOPEP_rule_based_combined_enzyme_simulation
DPF,3,True,1,1,FDPFPK,False,False,unlabeled_not_negative,True,BIOPEP_rule_based_combined_enzyme_simulation
DPN,3,True,1,1,IVRDPNGMGAW,False,False,unlabeled_not_negative,True,BIOPEP_rule_based_combined_enzyme_simulation
DPR,3,True,1,1,LLDPR,False,False,unlabeled_not_negative,True,BIOPEP_rule_based_combined_enzyme_simulation
DPV,3,True,1,1,HLFGPPGKKDPV,False,False,unlabeled_not_negative,True,BIOPEP_rule_based_combined_enzyme_simulation
DPY,3,True,1,1,DPYKLRP,False,False,unlabeled_not_negative,True,BIOPEP_rule_based_combined_enzyme_simulation
EAM,3,True,1,1,HFEAMR,False,False,unlabeled_not_negative,True,BIOPEP_rule_based_combined_enzyme_simulation
EAP,3,True,2,2,GAATHEAP;THEATHEAP,True,True,positive_evidence,True,BIOPEP_rule_based_combined_enzyme_simulation
EGL,3,True,1,1,VYNEGLPAP,False,False,unlabeled_not_negative,True,BIOPEP_rule_based_combined_enzyme_simulation
EGT,3,True,1,1,KVREGT,False,False,unlabeled_not_negative,True,BIOPEP_rule_based_combined_enzyme_simulation
EGY,3,True,1,1,IYEGY,False,False,unlabeled_not_negative,True,BIOPEP_rule_based_combined_enzyme_simulation
EIA,3,True,1,1,YLYEIA,False,False,unlabeled_not_negative,True,BIOPEP_rule_based_combined_enzyme_simulation
EIN,3,True,2,2,ALNEINQFY;ALNEINQFYQK,False,False,unlabeled_not_negative,True,BIOPEP_rule_based_combined_enzyme_simulation
EPF,3,True,1,1,WEPFP,False,False,unlabeled_not_negative,True,BIOPEP_rule_based_combined_enzyme_simulation
EPK,3,True,1,1,EPKAIP,False,False,unlabeled_not_negative,True,BIOPEP_rule_based_combined_enzyme_simulation
EPP,3,True,1,1,NGTWFEPP,False,False,unlabeled_not_negative,True,BIOPEP_rule_based_combined_enzyme_simulation
EQM,3,True,1,1,RNEQMGAGRLGRLRK,False,False,unlabeled_not_negative,True,BIOPEP_rule_based_combined_enzyme_simulation
EVF,3,True,2,2,FFVAPFPFEVFGK;FPFEVFGK,False,False,unlabeled_not_negative,True,BIOPEP_rule_based_combined_enzyme_simulation
EVM,3,True,2,2,EVMAGNLYPG;EVMAGNYLPG,False,False,unlabeled_not_negative,True,BIOPEP_rule_based_combined_enzyme_simulation
GAW,3,True,1,1,IVRDPNGMGAW,False,True,positive_evidence,True,BIOPEP_rule_based_combined_enzyme_simulation
GEH,3,True,2,2,GEHGGAGMGGGQFQPV;GQLGEHGGAGMG,False,False,unlabeled_not_negative,True,BIOPEP_rule_based_combined_enzyme_simulation
GER,3,True,1,1,RRARGERMSRRK,False,False,unlabeled_not_negative,True,BIOPEP_rule_based_combined_enzyme_simulation
GIH,3,True,1,1,GIHETTY,False,False,unlabeled_not_negative,True,BIOPEP_rule_based_combined_enzyme_simulation
GIK,3,True,1,1,YETGNGIK,False,False,unlabeled_not_negative,True,BIOPEP_rule_based_combined_enzyme_simulation
GIL,3,True,2,2,GILRP;ISSMGILVCL,True,False,positive_evidence,True,BIOPEP_rule_based_combined_enzyme_simulation
GPF,3,True,9,9,GPFPIIV;GPFPILV;GPVRGPFPII;LGPVRGPFP;PVLGPVRGPF;QEPVLGPVRGPFP;RGPFPIIV;VRGPFP;VRGPFPIIV,False,False,unlabeled_not_negative,True,BIOPEP_rule_based_combined_enzyme_simulation
GPL,3,True,3,4,GPLGLLGFLGPLGLS;LGPLGHQ;NWGPLV,True,True,positive_evidence,True,BIOPEP_rule_based_combined_enzyme_simulation
GPN,3,True,1,1,VECYGPNRPQF,False,False,unlabeled_not_negative,True,BIOPEP_rule_based_combined_enzyme_simulation
GPR,3,True,3,3,GPRGF;NKGPR;QLGFLGPR,True,True,positive_evidence,True,BIOPEP_rule_based_combined_enzyme_simulation
GQL,3,True,1,1,GQLGEHGGAGMG,False,False,unlabeled_not_negative,True,BIOPEP_rule_based_combined_enzyme_simulation
GTW,3,True,1,1,NGTWFEPP,True,True,positive_evidence,True,BIOPEP_rule_based_combined_enzyme_simulation
GVH,3,True,3,3,GVHGV;GVHHA;GVHTFP,False,False,unlabeled_not_negative,True,BIOPEP_rule_based_combined_enzyme_simulation
GVY,3,True,2,2,GVYPHK;STHGVY,True,True,positive_evidence,True,BIOPEP_rule_based_combined_enzyme_simulation
IAK,3,True,1,1,FSDKIAK,True,True,positive_evidence,True,BIOPEP_rule_based_combined_enzyme_simulation
IAR,3,True,1,1,IARDSAAVF,False,False,unlabeled_not_negative,True,BIOPEP_rule_based_combined_enzyme_simulation
IAY,3,True,1,1,IAYKPAG,True,True,positive_evidence,True,BIOPEP_rule_based_combined_enzyme_simulation
IGL,3,True,1,1,RIGLF,False,False,unlabeled_not_negative,True,BIOPEP_rule_based_combined_enzyme_simulation
IPL,3,True,1,1,LKIPLY,False,False,unlabeled_not_negative,True,BIOPEP_rule_based_combined_enzyme_simulation
IPP,3,True,2,2,LVYPFPGPIPNSLPQNIPP;VHIPP,True,True,positive_evidence,True,BIOPEP_rule_based_combined_enzyme_simulation
IQK,3,True,1,1,VEQKHIQKE,False,False,unlabeled_not_negative,True,BIOPEP_rule_based_combined_enzyme_simulation
ISQ,3,True,2,2,LKISQ;LKKISQ,False,False,unlabeled_not_negative,True,BIOPEP_rule_based_combined_enzyme_simulation
IVP,3,True,1,1,VLIVP,False,True,positive_evidence,True,BIOPEP_rule_based_combined_enzyme_simulation
IVR,3,True,1,1,IVRDPNGMGAW,True,False,positive_evidence,True,BIOPEP_rule_based_combined_enzyme_simulation
PAG,3,True,1,1,IAYKPAG,False,False,unlabeled_not_negative,True,BIOPEP_rule_based_combined_enzyme_simulation
PAM,3,True,1,1,AQQLAAQLPAMCR,False,False,unlabeled_not_negative,True,BIOPEP_rule_based_combined_enzyme_simulation
PAN,3,True,2,2,PANIKWGD;PANLPWGSSNV,False,False,unlabeled_not_negative,True,BIOPEP_rule_based_combined_enzyme_simulation
PAP,3,True,1,1,VYNEGLPAP,True,True,positive_evidence,True,BIOPEP_rule_based_combined_enzyme_simulation
PAY,3,True,2,4,IVGFPAYGH;LIVGFPAYGH,False,False,unlabeled_not_negative,True,BIOPEP_rule_based_combined_enzyme_simulation
PCV,3,True,1,1,TPYPCV,False,False,unlabeled_not_negative,True,BIOPEP_rule_based_combined_enzyme_simulation
PDL,3,True,1,1,PDLVF,False,False,unlabeled_not_negative,True,BIOPEP_rule_based_combined_enzyme_simulation
PDW,3,True,1,1,PDWFLLL,False,False,unlabeled_not_negative,True,BIOPEP_rule_based_combined_enzyme_simulation
PDY,3,True,2,2,SFYPDY;TSFYPDY,False,False,unlabeled_not_negative,True,BIOPEP_rule_based_combined_enzyme_simulation
PEL,3,True,4,4,AYFYPEL;AYFYPELF;FYPEL;YFYPEL,False,False,unlabeled_not_negative,True,BIOPEP_rule_based_combined_enzyme_simulation
PER,3,True,1,1,WPERPPQIP,False,True,positive_evidence,True,BIOPEP_rule_based_combined_enzyme_simulation
PEV,3,True,1,1,VAPFPEV,False,False,unlabeled_not_negative,True,BIOPEP_rule_based_combined_enzyme_simulation
PEW,3,True,1,1,KGYGGVSLPEW,False,True,positive_evidence,True,BIOPEP_rule_based_combined_enzyme_simulation
PGE,3,True,1,1,LVLPGE,False,False,unlabeled_not_negative,True,BIOPEP_rule_based_combined_enzyme_simulation
PGF,3,True,1,1,FDKLPGFGD,False,False,unlabeled_not_negative,True,BIOPEP_rule_based_combined_enzyme_simulation
PGK,3,True,1,1,LAPSLPGKPKPD,False,False,unlabeled_not_negative,True,BIOPEP_rule_based_combined_enzyme_simulation
PGL,3,True,1,1,GFPGLP,True,True,positive_evidence,True,BIOPEP_rule_based_combined_enzyme_simulation
PGR,3,True,1,1,KPGRP,True,True,positive_evidence,True,BIOPEP_rule_based_combined_enzyme_simulation
PGW,3,True,1,1,ASQSIWLPGWL,False,False,unlabeled_not_negative,True,BIOPEP_rule_based_combined_enzyme_simulation
PII,3,True,1,1,GPVRGPFPII,False,False,unlabeled_not_negative,True,BIOPEP_rule_based_combined_enzyme_simulation
PIK,3,True,1,1,RPKHPIKHQ,False,False,unlabeled_not_negative,True,BIOPEP_rule_based_combined_enzyme_simulation
PIL,3,True,3,3,GPFPILV;LPILR;YAEERYPIL,False,False,unlabeled_not_negative,True,BIOPEP_rule_based_combined_enzyme_simulation
PIP,3,True,1,1,VLPIP,False,True,positive_evidence,True,BIOPEP_rule_based_combined_enzyme_simulation
PIR,3,True,1,1,AVNPIR,False,False,unlabeled_not_negative,True,BIOPEP_rule_based_combined_enzyme_simulation
PPF,3,True,1,1,PPFLQPEV,True,True,positive_evidence,True,BIOPEP_rule_based_combined_enzyme_simulation
PPH,3,True,4,4,LLNPPHQIYP;LNPPHQIYP;NPPHQIYP;PPHQIYP,False,False,unlabeled_not_negative,True,BIOPEP_rule_based_combined_enzyme_simulation
PPK,3,True,2,2,MNPPK;PKHKEMPFPPKYPVEPFT,True,True,positive_evidence,True,BIOPEP_rule_based_combined_enzyme_simulation
PPP,3,True,1,1,VHLPPP,True,True,positive_evidence,True,BIOPEP_rule_based_combined_enzyme_simulation
PQE,3,True,2,2,GLPQE;VFNNNPQE,False,False,unlabeled_not_negative,True,BIOPEP_rule_based_combined_enzyme_simulation
PQF,3,True,1,1,VECYGPNRPQF,False,False,unlabeled_not_negative,True,BIOPEP_rule_based_combined_enzyme_simulation
PQK,3,True,2,2,YINQMPQKSRE;YINQMPQKSREA,False,False,unlabeled_not_negative,True,BIOPEP_rule_based_combined_enzyme_simulation
PQN,3,True,6,6,LPQNILP;LVYPFPGPIPNSLPQN;LVYPFPGPIPNSLPQNIPP;PQNILP;PQNIPPLTQT;SLPQN,False,False,unlabeled_not_negative,True,BIOPEP_rule_based_combined_enzyme_simulation
PQR,3,True,2,2,AVPYPQR;PYPQR,True,True,positive_evidence,True,BIOPEP_rule_based_combined_enzyme_simulation
PQY,3,True,6,6,FALPQY;FALPQYLK;FPQYLQY;KFPQY;YQKFPQY;YQKFPQYL,False,False,unlabeled_not_negative,True,BIOPEP_rule_based_combined_enzyme_simulation
PSF,3,True,6,6,DKIYPSFQPQPLIYP;IYPSFQPQPLIYP;KIYPSFQPQPLIYP;PSFQP;PSFQPQPLIYP;YPSFQPQPLIYP,False,False,unlabeled_not_negative,True,BIOPEP_rule_based_combined_enzyme_simulation
PSK,3,True,2,2,NMAINPSK;PSKIKWGD,False,False,unlabeled_not_negative,True,BIOPEP_rule_based_combined_enzyme_simulation
PSN,3,True,1,1,PSNPP,False,False,unlabeled_not_negative,True,BIOPEP_rule_based_combined_enzyme_simulation
PSY,3,True,2,2,LLPSY;RPSYT,True,True,positive_evidence,True,BIOPEP_rule_based_combined_enzyme_simulation
PTH,3,True,1,1,PTHIKWGD,False,False,unlabeled_not_negative,True,BIOPEP_rule_based_combined_enzyme_simulation
PVA,3,True,1,1,PGVLPVA,False,False,unlabeled_not_negative,True,BIOPEP_rule_based_combined_enzyme_simulation
PVH,3,True,3,3,ENGLPVHLDQSIFRR;ENGLPVHLDQSIFRRP;MPVHTDAD,False,False,unlabeled_not_negative,True,BIOPEP_rule_based_combined_enzyme_simulation
PVK,3,True,1,1,LYPVK,False,False,unlabeled_not_negative,True,BIOPEP_rule_based_combined_enzyme_simulation
PVL,3,True,2,2,PVLGPVRGPF;PVLKD,False,False,unlabeled_not_negative,True,BIOPEP_rule_based_combined_enzyme_simulation
PVN,3,True,1,1,PVNNPQIH,False,False,unlabeled_not_negative,True,BIOPEP_rule_based_combined_enzyme_simulation
PVP,3,True,1,1,KVLPVP,False,True,positive_evidence,True,BIOPEP_rule_based_combined_enzyme_simulation
PVQ,3,True,1,1,IRPVQ,False,False,unlabeled_not_negative,True,BIOPEP_rule_based_combined_enzyme_simulation
PVR,3,True,1,1,PVRAVP,False,False,unlabeled_not_negative,True,BIOPEP_rule_based_combined_enzyme_simulation
PVY,3,True,2,2,CWLPVY;MLPVY,False,False,unlabeled_not_negative,True,BIOPEP_rule_based_combined_enzyme_simulation
QAQ,3,True,1,1,LSERRMLLRKEKQAQ,False,False,unlabeled_not_negative,True,BIOPEP_rule_based_combined_enzyme_simulation
QDK,3,True,1,1,TDQHQDKIYP,False,False,unlabeled_not_negative,True,BIOPEP_rule_based_combined_enzyme_simulation
QEK,3,True,1,1,ERQEKR,False,False,unlabeled_not_negative,True,BIOPEP_rule_based_combined_enzyme_simulation
QEL,3,True,1,1,QELPG,False,False,unlabeled_not_negative,True,BIOPEP_rule_based_combined_enzyme_simulation
QER,3,True,3,3,GHKIATFQER;GKKIATYQER;KKIATYQER,False,False,unlabeled_not_negative,True,BIOPEP_rule_based_combined_enzyme_simulation
QGY,3,True,1,1,SDNRNQGY,False,False,unlabeled_not_negative,True,BIOPEP_rule_based_combined_enzyme_simulation
QIS,3,True,1,1,NIYQIS,False,False,unlabeled_not_negative,True,BIOPEP_rule_based_combined_enzyme_simulation
QIY,3,True,6,6,HQIYP;LLNPPHQIYP;LNPPHQIYP;NPPHQIYP;PHQIYP;PPHQIYP,False,False,unlabeled_not_negative,True,BIOPEP_rule_based_combined_enzyme_simulation
QPH,3,True,1,1,QSWMHQPHQ,False,False,unlabeled_not_negative,True,BIOPEP_rule_based_combined_enzyme_simulation
QPL,3,True,1,1,QPLIYP,False,False,unlabeled_not_negative,True,BIOPEP_rule_based_combined_enzyme_simulation
QPV,3,True,1,1,GEHGGAGMGGGQFQPV,False,False,unlabeled_not_negative,True,BIOPEP_rule_based_combined_enzyme_simulation
QQK,3,True,2,2,YQQKPVAL;YYQQKP,False,False,unlabeled_not_negative,True,BIOPEP_rule_based_combined_enzyme_simulation
QQR,3,True,1,1,QQRRLLRRK,False,False,unlabeled_not_negative,True,BIOPEP_rule_based_combined_enzyme_simulation
QSL,3,True,1,1,QSLVYP,False,False,unlabeled_not_negative,True,BIOPEP_rule_based_combined_enzyme_simulation
QSW,3,True,1,1,QSWMHQPHQ,False,False,unlabeled_not_negative,True,BIOPEP_rule_based_combined_enzyme_simulation
SAL,3,True,1,1,SALAM,False,False,unlabeled_not_negative,True,BIOPEP_rule_based_combined_enzyme_simulation
SAY,3,True,1,1,SAYPGQITSN,False,False,unlabeled_not_negative,True,BIOPEP_rule_based_combined_enzyme_simulation
SDK,3,True,1,1,FSDKIAK,False,False,unlabeled_not_negative,True,BIOPEP_rule_based_combined_enzyme_simulation
SDN,3,True,1,1,SDNRNQGY,False,False,unlabeled_not_negative,True,BIOPEP_rule_based_combined_enzyme_simulation
SER,3,True,1,1,LSERRMLLRKEKQAQ,False,False,unlabeled_not_negative,True,BIOPEP_rule_based_combined_enzyme_simulation
SGY,3,True,1,1,QVSLNSGYY,False,False,unlabeled_not_negative,True,BIOPEP_rule_based_combined_enzyme_simulation
SIK,3,True,1,1,RSIKGF,False,False,unlabeled_not_negative,True,BIOPEP_rule_based_combined_enzyme_simulation
SPH,3,True,2,2,IYSPH;LMSPH,False,False,unlabeled_not_negative,True,BIOPEP_rule_based_combined_enzyme_simulation
SPP,3,True,1,1,LLHSPP,False,True,positive_evidence,True,BIOPEP_rule_based_combined_enzyme_simulation
SPY,3,True,1,1,SPYCYG,False,False,unlabeled_not_negative,True,BIOPEP_rule_based_combined_enzyme_simulation
SQL,3,True,1,1,FNQLAALNSAAYLQQQQLLPFSQLA,False,False,unlabeled_not_negative,True,BIOPEP_rule_based_combined_enzyme_simulation
SSH,3,True,1,1,SSHEKY,False,False,unlabeled_not_negative,True,BIOPEP_rule_based_combined_enzyme_simulation
STH,3,True,1,1,STHGVY,False,False,unlabeled_not_negative,True,BIOPEP_rule_based_combined_enzyme_simulation
TGL,3,True,1,1,TGLKP,False,False,unlabeled_not_negative,True,BIOPEP_rule_based_combined_enzyme_simulation
TGP,3,True,1,1,PGPLGLTGP,True,False,positive_evidence,True,BIOPEP_rule_based_combined_enzyme_simulation
TGR,3,True,1,1,GLTGRPGDAGPQGK,False,False,unlabeled_not_negative,True,BIOPEP_rule_based_combined_enzyme_simulation
TPL,3,True,2,2,AGTTCLFTPLALPYDYSH;TPLPLAGPPR,False,False,unlabeled_not_negative,True,BIOPEP_rule_based_combined_enzyme_simulation
TPY,3,True,1,1,TPYPCV,False,False,unlabeled_not_negative,True,BIOPEP_rule_based_combined_enzyme_simulation
TQR,3,True,3,3,LVVYPWTQR;VVYPWTQRF;YPWTQR,False,False,unlabeled_not_negative,True,BIOPEP_rule_based_combined_enzyme_simulation
TQT,3,True,1,1,PQNIPPLTQT,False,False,unlabeled_not_negative,True,BIOPEP_rule_based_combined_enzyme_simulation
TSF,3,True,1,1,TSFYPDY,False,False,unlabeled_not_negative,True,BIOPEP_rule_based_combined_enzyme_simulation
TSK,3,True,1,1,GLTSK,False,False,unlabeled_not_negative,True,BIOPEP_rule_based_combined_enzyme_simulation
TTM,3,True,1,2,TTMPLW,False,False,unlabeled_not_negative,True,BIOPEP_rule_based_combined_enzyme_simulation
TVY,3,True,1,1,TVYTKGRVMP,True,True,positive_evidence,True,BIOPEP_rule_based_combined_enzyme_simulation
VAP,3,True,2,2,DFVAP;FFVAP,True,True,positive_evidence,True,BIOPEP_rule_based_combined_enzyme_simulation
VAQ,3,True,1,1,REYLLVAQ,False,False,unlabeled_not_negative,True,BIOPEP_rule_based_combined_enzyme_simulation
VCL,3,True,2,2,ISSMGILVCL;RVCLP,False,False,unlabeled_not_negative,True,BIOPEP_rule_based_combined_enzyme_simulation
VDR,3,True,1,1,ILVDR,False,False,unlabeled_not_negative,True,BIOPEP_rule_based_combined_enzyme_simulation
VEL,3,True,1,1,VELYP,False,False,unlabeled_not_negative,True,BIOPEP_rule_based_combined_enzyme_simulation
VEN,3,True,1,1,VENLHLPLPLL,False,False,unlabeled_not_negative,True,BIOPEP_rule_based_combined_enzyme_simulation
VEP,3,True,1,1,YPFVEP,True,True,positive_evidence,True,BIOPEP_rule_based_combined_enzyme_simulation
VGY,3,True,1,1,AFVGYVLP,False,False,unlabeled_not_negative,True,BIOPEP_rule_based_combined_enzyme_simulation
VIP,3,True,2,2,TKVIP;WKVIP,False,True,positive_evidence,True,BIOPEP_rule_based_combined_enzyme_simulation
VPH,3,True,2,2,YVPHWDL;YVPHWNL,False,False,unlabeled_not_negative,True,BIOPEP_rule_based_combined_enzyme_simulation
VPQ,3,True,1,1,KKYKVPQ,False,True,positive_evidence,True,BIOPEP_rule_based_combined_enzyme_simulation
VPV,3,True,1,1,HYVPV,False,False,unlabeled_not_negative,True,BIOPEP_rule_based_combined_enzyme_simulation
VQK,3,True,1,1,VQKATY,False,False,unlabeled_not_negative,True,BIOPEP_rule_based_combined_enzyme_simulation
VSR,3,True,1,1,VSRHFASYAN,False,False,unlabeled_not_negative,True,BIOPEP_rule_based_combined_enzyme_simulation
VVA,3,True,1,1,FQKVVA,False,False,unlabeled_not_negative,True,BIOPEP_rule_based_combined_enzyme_simulation
VVH,3,True,1,1,HLNVVHEN,False,False,unlabeled_not_negative,True,BIOPEP_rule_based_combined_enzyme_simulation
VVR,3,True,1,1,INKVVR,True,False,positive_evidence,True,BIOPEP_rule_based_combined_enzyme_simulation
VVY,3,True,6,6,LVVYPWTQ;LVVYPWTQR;VVYPW;VVYPWR;VVYPWTQ;VVYPWTQRF,False,True,positive_evidence,True,BIOPEP_rule_based_combined_enzyme_simulation
AAAT,4,True,1,1,YAAAT,False,False,unlabeled_not_negative,True,BIOPEP_rule_based_combined_enzyme_simulation
AAIF,4,True,1,1,AAIFPGGF,False,False,unlabeled_not_negative,True,BIOPEP_rule_based_combined_enzyme_simulation
AAPL,4,True,1,1,AAPLAP,False,False,unlabeled_not_negative,True,BIOPEP_rule_based_combined_enzyme_simulation
AAQL,4,True,1,1,AQQLAAQLPAMCR,False,False,unlabeled_not_negative,True,BIOPEP_rule_based_combined_enzyme_simulation
ADDF,4,True,1,1,ADDFYYQ,False,False,unlabeled_not_negative,True,BIOPEP_rule_based_combined_enzyme_simulation
ADVF,4,True,1,1,ADVFNPR,False,False,unlabeled_not_negative,True,BIOPEP_rule_based_combined_enzyme_simulation
AEER,4,True,1,1,YAEERYPIL,False,False,unlabeled_not_negative,True,BIOPEP_rule_based_combined_enzyme_simulation
AGGS,4,True,1,1,YAGGS,False,False,unlabeled_not_negative,True,BIOPEP_rule_based_combined_enzyme_simulation
AGQF,4,True,1,1,YIEAVNKVSPRAGQF,False,False,unlabeled_not_negative,True,BIOPEP_rule_based_combined_enzyme_simulation
APPG,4,True,1,1,LAPPG,False,False,unlabeled_not_negative,True,BIOPEP_rule_based_combined_enzyme_simulation
APSL,4,True,1,1,LAPSLPGKPKPD,False,False,unlabeled_not_negative,True,BIOPEP_rule_based_combined_enzyme_simulation
APVA,4,True,1,1,KAPVA,False,False,unlabeled_not_negative,True,BIOPEP_rule_based_combined_enzyme_simulation
AQQL,4,True,1,1,AQQLAAQLPAMCR,False,False,unlabeled_not_negative,True,BIOPEP_rule_based_combined_enzyme_simulation
ATGT,4,True,1,1,FATGT,False,False,unlabeled_not_negative,True,BIOPEP_rule_based_combined_enzyme_simulation
AVDK,4,True,1,1,VGVIKAVDKKAGGAGKVT,False,False,unlabeled_not_negative,True,BIOPEP_rule_based_combined_enzyme_simulation
AVPY,4,True,3,3,AVPYP;AVPYPQR;KAVPYPQ,False,False,unlabeled_not_negative,True,BIOPEP_rule_based_combined_enzyme_simulation
AVVR,4,True,1,1,AVVRP,False,False,unlabeled_not_negative,True,BIOPEP_rule_based_combined_enzyme_simulation
CVSP,4,True,2,2,FFGRCVSP;FGRCVSP,False,False,unlabeled_not_negative,True,BIOPEP_rule_based_combined_enzyme_simulation
DDER,4,True,1,1,YDDER,False,False,unlabeled_not_negative,True,BIOPEP_rule_based_combined_enzyme_simulation
DGAV,4,True,1,1,RVFDGAV,False,False,unlabeled_not_negative,True,BIOPEP_rule_based_combined_enzyme_simulation
DGIL,4,True,1,1,YYAPFDGIL,False,False,unlabeled_not_negative,True,BIOPEP_rule_based_combined_enzyme_simulation
DIGY,4,True,1,1,DIGYY,False,False,unlabeled_not_negative,True,BIOPEP_rule_based_combined_enzyme_simulation
DIQK,4,True,2,2,GLDIQK;LDIQK,False,False,unlabeled_not_negative,True,BIOPEP_rule_based_combined_enzyme_simulation
DPTH,4,True,1,1,HERDPTHIKWGD,False,False,unlabeled_not_negative,True,BIOPEP_rule_based_combined_enzyme_simulation
DQVK,4,True,1,1,PWDQVKR,False,False,unlabeled_not_negative,True,BIOPEP_rule_based_combined_enzyme_simulation
DTDY,4,True,1,1,VLDTDYK,False,False,unlabeled_not_negative,True,BIOPEP_rule_based_combined_enzyme_simulation
DVEN,4,True,1,1,DVENLHLPLPL,False,False,unlabeled_not_negative,True,BIOPEP_rule_based_combined_enzyme_simulation
EATH,4,True,1,1,THEATHEAP,False,False,unlabeled_not_negative,True,BIOPEP_rule_based_combined_enzyme_simulation
ECSG,4,True,1,1,FFECSG,False,False,unlabeled_not_negative,True,BIOPEP_rule_based_combined_enzyme_simulation
EEAF,4,True,1,1,LEEAF,False,False,unlabeled_not_negative,True,BIOPEP_rule_based_combined_enzyme_simulation
EIAR,4,True,2,2,YLYEIAR;YLYEIARR,False,False,unlabeled_not_negative,True,BIOPEP_rule_based_combined_enzyme_simulation
EPVK,4,True,1,1,AHEPVK,False,False,unlabeled_not_negative,True,BIOPEP_rule_based_combined_enzyme_simulation
EQGF,4,True,1,1,EQGFLPGPEESGR,False,False,unlabeled_not_negative,True,BIOPEP_rule_based_combined_enzyme_simulation
ETGN,4,True,1,1,YETGNGIK,False,False,unlabeled_not_negative,True,BIOPEP_rule_based_combined_enzyme_simulation
ETTY,4,True,1,1,GIHETTY,False,False,unlabeled_not_negative,True,BIOPEP_rule_based_combined_enzyme_simulation
EVDP,4,True,1,1,WPEAAELMMEVDP,False,False,unlabeled_not_negative,True,BIOPEP_rule_based_combined_enzyme_simulation
GAGR,4,True,1,1,RNEQMGAGRLGRLRK,False,False,unlabeled_not_negative,True,BIOPEP_rule_based_combined_enzyme_simulation
GDAR,4,True,1,1,LGDARNSPAPP,False,False,unlabeled_not_negative,True,BIOPEP_rule_based_combined_enzyme_simulation
GDGY,4,True,1,1,KNGDGY,False,False,unlabeled_not_negative,True,BIOPEP_rule_based_combined_enzyme_simulation
GIPL,4,True,1,1,GIPLPLI,False,False,unlabeled_not_negative,True,BIOPEP_rule_based_combined_enzyme_simulation
GPVR,4,True,5,5,GPVRGPFPII;LGPVRGPFP;PVLGPVRGPF;QEPVLGPVRGPFP;YQQPVLGPVR,False,False,unlabeled_not_negative,True,BIOPEP_rule_based_combined_enzyme_simulation
GQTP,4,True,1,1,RMLGQTP,False,False,unlabeled_not_negative,True,BIOPEP_rule_based_combined_enzyme_simulation
GSEK,4,True,1,1,VNGSEKSKF,False,False,unlabeled_not_negative,True,BIOPEP_rule_based_combined_enzyme_simulation
GSSN,4,True,1,1,PANLPWGSSNV,False,False,unlabeled_not_negative,True,BIOPEP_rule_based_combined_enzyme_simulation
IAGR,4,True,1,1,IAGRP,False,False,unlabeled_not_negative,True,BIOPEP_rule_based_combined_enzyme_simulation
IATF,4,True,1,1,GHKIATFQER,False,False,unlabeled_not_negative,True,BIOPEP_rule_based_combined_enzyme_simulation
IATY,4,True,2,2,GKKIATYQER;KKIATYQER,False,False,unlabeled_not_negative,True,BIOPEP_rule_based_combined_enzyme_simulation
IIPL,4,True,1,1,IIPLEN,False,False,unlabeled_not_negative,True,BIOPEP_rule_based_combined_enzyme_simulation
IITN,4,True,1,1,IITNW,False,False,unlabeled_not_negative,True,BIOPEP_rule_based_combined_enzyme_simulation
IPAL,4,True,1,1,IPALLKR,False,False,unlabeled_not_negative,True,BIOPEP_rule_based_combined_enzyme_simulation
IPIQ,4,True,1,1,KYIPIQ,False,False,unlabeled_not_negative,True,BIOPEP_rule_based_combined_enzyme_simulation
IPPL,4,True,3,3,IPPLTQTPV;NIPPLTQTPV;PQNIPPLTQT,False,False,unlabeled_not_negative,True,BIOPEP_rule_based_combined_enzyme_simulation
IPVA,4,True,1,1,LKIPVA,False,False,unlabeled_not_negative,True,BIOPEP_rule_based_combined_enzyme_simulation
IQPK,4,True,2,2,AMKPWIQPK;MKPWIQPK,False,False,unlabeled_not_negative,True,BIOPEP_rule_based_combined_enzyme_simulation
ISSM,4,True,1,1,ISSMGILVCL,False,False,unlabeled_not_negative,True,BIOPEP_rule_based_combined_enzyme_simulation
ITTN,4,True,1,1,ITTNP,False,False,unlabeled_not_negative,True,BIOPEP_rule_based_combined_enzyme_simulation
IVGF,4,True,2,4,IVGFPAYGH;LIVGFPAYGH,False,False,unlabeled_not_negative,True,BIOPEP_rule_based_combined_enzyme_simulation
IVGR,4,True,3,3,IVGRPR;IVGRPRHQG;IVGRRRHQG,False,False,unlabeled_not_negative,True,BIOPEP_rule_based_combined_enzyme_simulation
IVTQ,4,True,1,1,LIVTQ,False,False,unlabeled_not_negative,True,BIOPEP_rule_based_combined_enzyme_simulation
PAAQ,4,True,1,1,VTGRFAGHPAAQ,False,False,unlabeled_not_negative,True,BIOPEP_rule_based_combined_enzyme_simulation
PAGA,4,True,1,1,LPAGA,False,False,unlabeled_not_negative,True,BIOPEP_rule_based_combined_enzyme_simulation
PAGV,4,True,1,1,LPAGV,False,False,unlabeled_not_negative,True,BIOPEP_rule_based_combined_enzyme_simulation
PEVF,4,True,3,3,FFVAPFPEVFGK;FPEVFGK;PFPEVFGK,False,False,unlabeled_not_negative,True,BIOPEP_rule_based_combined_enzyme_simulation
PGER,4,True,1,1,GFPGER,False,False,unlabeled_not_negative,True,BIOPEP_rule_based_combined_enzyme_simulation
PGGF,4,True,1,1,AAIFPGGF,False,False,unlabeled_not_negative,True,BIOPEP_rule_based_combined_enzyme_simulation
PGIA,4,True,1,1,MYPGIA,False,False,unlabeled_not_negative,True,BIOPEP_rule_based_combined_enzyme_simulation
PGPI,4,True,3,3,SKVYPFPGPI;VYPFPGPI;YPFPGPI,False,False,unlabeled_not_negative,True,BIOPEP_rule_based_combined_enzyme_simulation
PGPL,4,True,1,1,PGPLGLTGP,False,False,unlabeled_not_negative,True,BIOPEP_rule_based_combined_enzyme_simulation
PGVL,4,True,1,1,PGVLPVA,False,False,unlabeled_not_negative,True,BIOPEP_rule_based_combined_enzyme_simulation
PIIV,4,True,4,4,FPIIV;GPFPIIV;RGPFPIIV;VRGPFPIIV,False,False,unlabeled_not_negative,True,BIOPEP_rule_based_combined_enzyme_simulation
PIPQ,4,True,1,1,VLPIPQ,False,False,unlabeled_not_negative,True,BIOPEP_rule_based_combined_enzyme_simulation
PPQS,4,True,1,1,FPPQS,False,False,unlabeled_not_negative,True,BIOPEP_rule_based_combined_enzyme_simulation
PPSV,4,True,1,1,NPPSV,False,False,unlabeled_not_negative,True,BIOPEP_rule_based_combined_enzyme_simulation
PQAF,4,True,1,1,PQAFP,False,False,unlabeled_not_negative,True,BIOPEP_rule_based_combined_enzyme_simulation
PQIH,4,True,1,1,PVNNPQIH,False,False,unlabeled_not_negative,True,BIOPEP_rule_based_combined_enzyme_simulation
PQPL,4,True,1,1,PQPLIYP,False,False,unlabeled_not_negative,True,BIOPEP_rule_based_combined_enzyme_simulation
PQTL,4,True,1,1,PQTLALP,False,False,unlabeled_not_negative,True,BIOPEP_rule_based_combined_enzyme_simulation
PSPV,4,True,1,1,YPSPV,False,False,unlabeled_not_negative,True,BIOPEP_rule_based_combined_enzyme_simulation
PSSN,4,True,1,1,PSSNK,False,False,unlabeled_not_negative,True,BIOPEP_rule_based_combined_enzyme_simulation
PTEL,4,True,1,1,ETSGMKPTEL,False,False,unlabeled_not_negative,True,BIOPEP_rule_based_combined_enzyme_simulation
PVAL,4,True,1,1,YQQKPVAL,False,False,unlabeled_not_negative,True,BIOPEP_rule_based_combined_enzyme_simulation
PVPE,4,True,2,2,SKVLPVPE;SLVLPVPE,False,False,unlabeled_not_negative,True,BIOPEP_rule_based_combined_enzyme_simulation
PVPQ,4,True,1,1,KVLPVPQ,False,False,unlabeled_not_negative,True,BIOPEP_rule_based_combined_enzyme_simulation
QAVH,4,True,1,1,QAVHA,False,False,unlabeled_not_negative,True,BIOPEP_rule_based_combined_enzyme_simulation
QDQH,4,True,1,1,QDQHQKIR,False,False,unlabeled_not_negative,True,BIOPEP_rule_based_combined_enzyme_simulation
QIGL,4,True,1,1,QIGLF,False,False,unlabeled_not_negative,True,BIOPEP_rule_based_combined_enzyme_simulation
QPEV,4,True,2,2,PPFLQPEV;PVVVPPFLQPEV,False,False,unlabeled_not_negative,True,BIOPEP_rule_based_combined_enzyme_simulation
QPSF,4,True,1,1,FQPSF,False,False,unlabeled_not_negative,True,BIOPEP_rule_based_combined_enzyme_simulation
QPVR,4,True,1,1,YQEPVLQPVR,False,False,unlabeled_not_negative,True,BIOPEP_rule_based_combined_enzyme_simulation
QQPV,4,True,1,1,LLYQQPV,False,False,unlabeled_not_negative,True,BIOPEP_rule_based_combined_enzyme_simulation
QVSL,4,True,1,1,QVSLNSGYY,False,False,unlabeled_not_negative,True,BIOPEP_rule_based_combined_enzyme_simulation
SAAY,4,True,1,1,FNQLAALNSAAYLQQQQLLPFSQLA,False,False,unlabeled_not_negative,True,BIOPEP_rule_based_combined_enzyme_simulation
SEPK,4,True,1,1,SEPKAIP,False,False,unlabeled_not_negative,True,BIOPEP_rule_based_combined_enzyme_simulation
SGPL,4,True,1,1,SGPLRPFF,False,False,unlabeled_not_negative,True,BIOPEP_rule_based_combined_enzyme_simulation
SPAA,4,True,1,1,AYLQAQQLLPFNQLVRSPAA,False,False,unlabeled_not_negative,True,BIOPEP_rule_based_combined_enzyme_simulation
SPAY,4,True,1,1,YLYSPAY,False,False,unlabeled_not_negative,True,BIOPEP_rule_based_combined_enzyme_simulation
SVAR,4,True,1,1,ALKAWSVAR,False,False,unlabeled_not_negative,True,BIOPEP_rule_based_combined_enzyme_simulation
TDAD,4,True,1,1,MPVHTDAD,False,False,unlabeled_not_negative,True,BIOPEP_rule_based_combined_enzyme_simulation
TDQH,4,True,1,1,TDQHQDKIYP,False,False,unlabeled_not_negative,True,BIOPEP_rule_based_combined_enzyme_simulation
TDVE,4,True,1,1,LTLTDVE,False,False,unlabeled_not_negative,True,BIOPEP_rule_based_combined_enzyme_simulation
TEEY,4,True,1,1,MTEEY,False,False,unlabeled_not_negative,True,BIOPEP_rule_based_combined_enzyme_simulation
TESQ,4,True,1,1,PVEPFTESQ,False,False,unlabeled_not_negative,True,BIOPEP_rule_based_combined_enzyme_simulation
TPTK,4,True,1,1,RMLGNTPTK,False,False,unlabeled_not_negative,True,BIOPEP_rule_based_combined_enzyme_simulation
TQSL,4,True,1,1,TQSLVYP,False,False,unlabeled_not_negative,True,BIOPEP_rule_based_combined_enzyme_simulation
TSVL,4,True,1,1,LTSVLMA,False,False,unlabeled_not_negative,True,BIOPEP_rule_based_combined_enzyme_simulation
VAAP,4,True,1,1,LFVAAP,False,False,unlabeled_not_negative,True,BIOPEP_rule_based_combined_enzyme_simulation
VAPF,4,True,4,4,FFVAPFPEVFGK;FFVAPFPFEVFGK;VAPFP;VAPFPEV,False,False,unlabeled_not_negative,True,BIOPEP_rule_based_combined_enzyme_simulation
VECY,4,True,1,1,VECYGPNRPQF,False,False,unlabeled_not_negative,True,BIOPEP_rule_based_combined_enzyme_simulation
VEQK,4,True,1,1,VEQKHIQKE,False,False,unlabeled_not_negative,True,BIOPEP_rule_based_combined_enzyme_simulation
VGIN,4,True,3,3,DKVGINY;DKVGINYW;VGINYWLAHK,False,False,unlabeled_not_negative,True,BIOPEP_rule_based_combined_enzyme_simulation
VGVK,4,True,1,1,LKVGVKQY,False,False,unlabeled_not_negative,True,BIOPEP_rule_based_combined_enzyme_simulation
VIEK,4,True,1,1,VIEKYP,False,False,unlabeled_not_negative,True,BIOPEP_rule_based_combined_enzyme_simulation
VPAF,4,True,1,1,IFVPAF,False,False,unlabeled_not_negative,True,BIOPEP_rule_based_combined_enzyme_simulation
VPQL,4,True,1,1,YKVPQL,False,False,unlabeled_not_negative,True,BIOPEP_rule_based_combined_enzyme_simulation
VPSL,4,True,1,1,RVPSL,False,False,unlabeled_not_negative,True,BIOPEP_rule_based_combined_enzyme_simulation
VPSV,4,True,1,1,WVPSV,False,False,unlabeled_not_negative,True,BIOPEP_rule_based_combined_enzyme_simulation
VSPR,4,True,1,1,YIEAVNKVSPRAGQF,False,False,unlabeled_not_negative,True,BIOPEP_rule_based_combined_enzyme_simulation
VTGR,4,True,1,1,VTGRFAGHPAAQ,False,False,unlabeled_not_negative,True,BIOPEP_rule_based_combined_enzyme_simulation
VTVN,4,True,1,1,VTVNPYKWLP,False,False,unlabeled_not_negative,True,BIOPEP_rule_based_combined_enzyme_simulation
VVAG,4,True,1,1,FQKVVAG,False,False,unlabeled_not_negative,True,BIOPEP_rule_based_combined_enzyme_simulation
VVAK,4,True,1,1,FQKVVAK,False,False,unlabeled_not_negative,True,BIOPEP_rule_based_combined_enzyme_simulation
AAAAP,5,True,1,1,KAAAAP,False,False,unlabeled_not_negative,True,BIOPEP_rule_based_combined_enzyme_simulation
AAATP,5,True,1,1,AAATP,True,True,positive_evidence,True,BIOPEP_rule_based_combined_enzyme_simulation
AGPPR,5,True,1,1,TPLPLAGPPR,False,False,unlabeled_not_negative,True,BIOPEP_rule_based_combined_enzyme_simulation
AGPVL,5,True,1,1,AGPVLL,False,False,unlabeled_not_negative,True,BIOPEP_rule_based_combined_enzyme_simulation
AIPPK,5,True,2,2,MAIPPK;MAIPPKK,False,False,unlabeled_not_negative,True,BIOPEP_rule_based_combined_enzyme_simulation
ASDPL,5,True,1,1,RASDPLLSV,False,False,unlabeled_not_negative,True,BIOPEP_rule_based_combined_enzyme_simulation
ASPTM,5,True,1,1,LASPTM,False,False,unlabeled_not_negative,True,BIOPEP_rule_based_combined_enzyme_simulation
DAVIV,5,True,1,1,GKDAVIV,False,False,unlabeled_not_negative,True,BIOPEP_rule_based_combined_enzyme_simulation
DDGSY,5,True,1,1,YDDGSYKPH,False,False,unlabeled_not_negative,True,BIOPEP_rule_based_combined_enzyme_simulation
DDQIH,5,True,1,1,DDQIHIF,False,False,unlabeled_not_negative,True,BIOPEP_rule_based_combined_enzyme_simulation
DGVVY,5,True,1,1,DGVVYY,False,False,unlabeled_not_negative,True,BIOPEP_rule_based_combined_enzyme_simulation
DPQIP,5,True,1,1,PFFDPQIP,False,False,unlabeled_not_negative,True,BIOPEP_rule_based_combined_enzyme_simulation
DQSIF,5,True,2,2,ENGLPVHLDQSIFRR;ENGLPVHLDQSIFRRP,False,False,unlabeled_not_negative,True,BIOPEP_rule_based_combined_enzyme_simulation
EGGSF,5,True,1,1,EGGSF,True,True,positive_evidence,True,BIOPEP_rule_based_combined_enzyme_simulation
EGTTY,5,True,1,1,KVREGTTY,False,False,unlabeled_not_negative,True,BIOPEP_rule_based_combined_enzyme_simulation
EGTVF,5,True,1,1,FEGTVFENG,False,False,unlabeled_not_negative,True,BIOPEP_rule_based_combined_enzyme_simulation
EIVPN,5,True,1,1,EIVPNSAEERLH,False,False,unlabeled_not_negative,True,BIOPEP_rule_based_combined_enzyme_simulation
EPIPY,5,True,1,1,EPIPYGFLP,False,False,unlabeled_not_negative,True,BIOPEP_rule_based_combined_enzyme_simulation
ETSGM,5,True,1,1,ETSGMKPTEL,False,False,unlabeled_not_negative,True,BIOPEP_rule_based_combined_enzyme_simulation
GAAEL,5,True,1,1,GAAELPCSADWW,False,False,unlabeled_not_negative,True,BIOPEP_rule_based_combined_enzyme_simulation
GAATH,5,True,1,1,GAATHEAP,False,False,unlabeled_not_negative,True,BIOPEP_rule_based_combined_enzyme_simulation
GASTR,5,True,1,1,FGASTRGA,False,False,unlabeled_not_negative,True,BIOPEP_rule_based_combined_enzyme_simulation
GGAGM,5,True,2,2,GEHGGAGMGGGQFQPV;GQLGEHGGAGMG,False,False,unlabeled_not_negative,True,BIOPEP_rule_based_combined_enzyme_simulation
GGGQF,5,True,1,1,GEHGGAGMGGGQFQPV,False,False,unlabeled_not_negative,True,BIOPEP_rule_based_combined_enzyme_simulation
GGPPT,5,True,1,1,NGGPPT,False,False,unlabeled_not_negative,True,BIOPEP_rule_based_combined_enzyme_simulation
GGVSL,5,True,2,2,KGYGGVSL;KGYGGVSLPEW,False,False,unlabeled_not_negative,True,BIOPEP_rule_based_combined_enzyme_simulation
GPPGK,5,True,1,1,HLFGPPGKKDPV,False,False,unlabeled_not_negative,True,BIOPEP_rule_based_combined_enzyme_simulation
GQTPW,5,True,1,1,RMLGQTPWK,False,False,unlabeled_not_negative,True,BIOPEP_rule_based_combined_enzyme_simulation
GSAGY,5,True,1,1,GSAGY,True,True,positive_evidence,True,BIOPEP_rule_based_combined_enzyme_simulation
GSASL,5,True,1,1,LSMGSASLSP,False,False,unlabeled_not_negative,True,BIOPEP_rule_based_combined_enzyme_simulation
GTTGT,5,True,1,1,GNPVGGVGHGTTGT,False,False,unlabeled_not_negative,True,BIOPEP_rule_based_combined_enzyme_simulation
IAIPP,5,True,1,1,IAIPP,True,True,positive_evidence,True,BIOPEP_rule_based_combined_enzyme_simulation
IEAVN,5,True,1,1,YIEAVNKVSPRAGQF,False,False,unlabeled_not_negative,True,BIOPEP_rule_based_combined_enzyme_simulation
IEEAF,5,True,1,1,IEEAF,True,True,positive_evidence,True,BIOPEP_rule_based_combined_enzyme_simulation
IIAEK,5,True,1,1,IIAEK,True,True,positive_evidence,True,BIOPEP_rule_based_combined_enzyme_simulation
IIPEH,5,True,1,1,LIIPEH,False,False,unlabeled_not_negative,True,BIOPEP_rule_based_combined_enzyme_simulation
IIPQH,5,True,1,1,LIIPQH,False,False,unlabeled_not_negative,True,BIOPEP_rule_based_combined_enzyme_simulation
IPAGM,5,True,1,1,IPAGM,True,True,positive_evidence,True,BIOPEP_rule_based_combined_enzyme_simulation
IPAGV,5,True,1,1,IPAGV,True,True,positive_evidence,True,BIOPEP_rule_based_combined_enzyme_simulation
IPAQK,5,True,1,1,DMIPAQK,False,True,positive_evidence,True,BIOPEP_rule_based_combined_enzyme_simulation
IPAVF,5,True,2,2,IPAVF;IPAVFK,True,True,positive_evidence,True,BIOPEP_rule_based_combined_enzyme_simulation
IPIQY,5,True,1,1,YIPIQY,False,True,positive_evidence,True,BIOPEP_rule_based_combined_enzyme_simulation
IPPAY,5,True,1,1,IPPAYSK,False,False,unlabeled_not_negative,True,BIOPEP_rule_based_combined_enzyme_simulation
PAAVR,5,True,1,1,YYAKPAAVR,False,False,unlabeled_not_negative,True,BIOPEP_rule_based_combined_enzyme_simulation
PACGS,5,True,1,1,MPACGS,False,False,unlabeled_not_negative,True,BIOPEP_rule_based_combined_enzyme_simulation
PAPPK,5,True,1,1,PAPPK,True,True,positive_evidence,True,BIOPEP_rule_based_combined_enzyme_simulation
PAVVL,5,True,1,1,PAVVLP,False,False,unlabeled_not_negative,True,BIOPEP_rule_based_combined_enzyme_simulation
PAVVR,5,True,1,1,YANPAVVRP,False,False,unlabeled_not_negative,True,BIOPEP_rule_based_combined_enzyme_simulation
PGGPP,5,True,1,1,FPGGPP,False,False,unlabeled_not_negative,True,BIOPEP_rule_based_combined_enzyme_simulation
PGPIH,5,True,2,2,LVYPFPGPIH;PFPGPIH,False,False,unlabeled_not_negative,True,BIOPEP_rule_based_combined_enzyme_simulation
PGPIP,5,True,2,2,PGPIP;YPFPGPIP,True,True,positive_evidence,True,BIOPEP_rule_based_combined_enzyme_simulation
PPEIN,5,True,1,1,PPEIN,True,True,positive_evidence,True,BIOPEP_rule_based_combined_enzyme_simulation
PPETV,5,True,1,1,KPPETV,False,False,unlabeled_not_negative,True,BIOPEP_rule_based_combined_enzyme_simulation
PPGPF,5,True,1,1,LPPGPFP,False,False,unlabeled_not_negative,True,BIOPEP_rule_based_combined_enzyme_simulation
PPPVH,5,True,1,1,PPPVHL,False,False,unlabeled_not_negative,True,BIOPEP_rule_based_combined_enzyme_simulation
PPQIP,5,True,1,1,WPERPPQIP,False,False,unlabeled_not_negative,True,BIOPEP_rule_based_combined_enzyme_simulation
PQEVL,5,True,1,1,PQEVLP,False,False,unlabeled_not_negative,True,BIOPEP_rule_based_combined_enzyme_simulation
PQPIP,5,True,1,1,PQPIP,True,True,positive_evidence,True,BIOPEP_rule_based_combined_enzyme_simulation
PSGAW,5,True,1,1,DAYPSGAW,False,False,unlabeled_not_negative,True,BIOPEP_rule_based_combined_enzyme_simulation
PSGQY,5,True,1,1,PSGQYY,False,False,unlabeled_not_negative,True,BIOPEP_rule_based_combined_enzyme_simulation
PSIPA,5,True,1,1,PSIPA,True,True,positive_evidence,True,BIOPEP_rule_based_combined_enzyme_simulation
PTPVP,5,True,1,1,PTPVP,True,True,positive_evidence,True,BIOPEP_rule_based_combined_enzyme_simulation
PVAAP,5,True,1,1,KPVAAP,False,False,unlabeled_not_negative,True,BIOPEP_rule_based_combined_enzyme_simulation
PVEPF,5,True,2,2,PKHKEMPFPPKYPVEPFT;PVEPFTESQ,False,False,unlabeled_not_negative,True,BIOPEP_rule_based_combined_enzyme_simulation
PVPQK,5,True,1,1,VLPVPQK,False,False,unlabeled_not_negative,True,BIOPEP_rule_based_combined_enzyme_simulation
PVPQP,5,True,1,1,PVPQP,True,True,positive_evidence,True,BIOPEP_rule_based_combined_enzyme_simulation
PVQPF,5,True,1,1,YPVQPFTE,False,False,unlabeled_not_negative,True,BIOPEP_rule_based_combined_enzyme_simulation
QAAGW,5,True,1,1,HQAAGW,False,False,unlabeled_not_negative,True,BIOPEP_rule_based_combined_enzyme_simulation
QAQQL,5,True,1,1,AYLQAQQLLPFNQLVRSPAA,False,False,unlabeled_not_negative,True,BIOPEP_rule_based_combined_enzyme_simulation
QEPVL,5,True,4,4,QEPVLGPVRGPFP;YQEPVL;YQEPVLG;YQEPVLQPVR,False,False,unlabeled_not_negative,True,BIOPEP_rule_based_combined_enzyme_simulation
QPQAF,5,True,1,1,QPQAFP,False,False,unlabeled_not_negative,True,BIOPEP_rule_based_combined_enzyme_simulation
QPQPL,5,True,8,8,DKIYPSFQPQPLIYP;FQPQPLIYP;IYPSFQPQPLIYP;KIYPSFQPQPLIYP;PSFQPQPLIYP;QPQPLIYP;SFQPQPLIYP;YPSFQPQPLIYP,False,False,unlabeled_not_negative,True,BIOPEP_rule_based_combined_enzyme_simulation
QQPVL,5,True,2,2,YQQPVL;YQQPVLGPVR,False,False,unlabeled_not_negative,True,BIOPEP_rule_based_combined_enzyme_simulation
QQQQL,5,True,1,1,FNQLAALNSAAYLQQQQLLPFSQLA,False,False,unlabeled_not_negative,True,BIOPEP_rule_based_combined_enzyme_simulation
QSEPK,5,True,1,1,QSEPKAIP,False,False,unlabeled_not_negative,True,BIOPEP_rule_based_combined_enzyme_simulation
QTQSL,5,True,1,1,QTQSLVYP,False,False,unlabeled_not_negative,True,BIOPEP_rule_based_combined_enzyme_simulation
SAEER,5,True,1,1,EIVPNSAEERLH,False,False,unlabeled_not_negative,True,BIOPEP_rule_based_combined_enzyme_simulation
SGAGY,5,True,1,1,SGAGY,True,True,positive_evidence,True,BIOPEP_rule_based_combined_enzyme_simulation
SGGES,5,True,1,1,LFSGGES,False,False,unlabeled_not_negative,True,BIOPEP_rule_based_combined_enzyme_simulation
SPAPP,5,True,1,1,LGDARNSPAPP,False,False,unlabeled_not_negative,True,BIOPEP_rule_based_combined_enzyme_simulation
SQAVH,5,True,1,1,SQAVH,True,True,positive_evidence,True,BIOPEP_rule_based_combined_enzyme_simulation
SQQQQ,5,True,1,1,YSQQQQ,False,False,unlabeled_not_negative,True,BIOPEP_rule_based_combined_enzyme_simulation
SQTPR,5,True,1,1,LLSQTPRY,False,False,unlabeled_not_negative,True,BIOPEP_rule_based_combined_enzyme_simulation
TIIPL,5,True,1,1,TIIPLPV,False,False,unlabeled_not_negative,True,BIOPEP_rule_based_combined_enzyme_simulation
TPTSN,5,True,1,1,LTPTSN,False,False,unlabeled_not_negative,True,BIOPEP_rule_based_combined_enzyme_simulation
TQQQL,5,True,1,1,QLADVSPAAFLTQQQLLPFYLHAM,False,False,unlabeled_not_negative,True,BIOPEP_rule_based_combined_enzyme_simulation
TQTPV,5,True,2,2,IPPLTQTPV;NIPPLTQTPV,False,False,unlabeled_not_negative,True,BIOPEP_rule_based_combined_enzyme_simulation
VADGL,5,True,1,1,NYVADGLG,False,False,unlabeled_not_negative,True,BIOPEP_rule_based_combined_enzyme_simulation
VAGTW,5,True,3,3,VAGTW;VAGTWY;YGLVAGTW,True,True,positive_evidence,True,BIOPEP_rule_based_combined_enzyme_simulation
VEGDL,5,True,1,1,KVEGDLK,False,False,unlabeled_not_negative,True,BIOPEP_rule_based_combined_enzyme_simulation
VGVIK,5,True,1,1,VGVIKAVDKKAGGAGKVT,False,False,unlabeled_not_negative,True,BIOPEP_rule_based_combined_enzyme_simulation
VIEPR,5,True,1,1,VIEPR,True,True,positive_evidence,True,BIOPEP_rule_based_combined_enzyme_simulation
VIPEL,5,True,1,1,VIPEL,True,True,positive_evidence,True,BIOPEP_rule_based_combined_enzyme_simulation
VPSER,5,True,1,1,VPSERYL,False,False,unlabeled_not_negative,True,BIOPEP_rule_based_combined_enzyme_simulation
VVPPA,5,True,1,1,VVPPA,True,True,positive_evidence,True,BIOPEP_rule_based_combined_enzyme_simulation
AAAATP,6,True,1,1,KAAAATP,False,False,unlabeled_not_negative,True,BIOPEP_rule_based_combined_enzyme_simulation
AGGAGK,6,True,1,1,VGVIKAVDKKAGGAGKVT,False,False,unlabeled_not_negative,True,BIOPEP_rule_based_combined_enzyme_simulation
AGTTCL,6,True,1,1,AGTTCLFTPLALPYDYSH,False,False,unlabeled_not_negative,True,BIOPEP_rule_based_combined_enzyme_simulation
APSTIK,6,True,1,1,LAPSTIK,False,False,unlabeled_not_negative,True,BIOPEP_rule_based_combined_enzyme_simulation
AQTQSL,6,True,5,5,AQTQSLVYP;FAQTQSLVYP;HPFAQTQSLVYP;IHPFAQTQSLVYP;KIHPFAQTQSLVYP,False,True,positive_evidence,True,BIOPEP_rule_based_combined_enzyme_simulation
ASQSIW,6,True,1,1,ASQSIWLPGWL,False,False,unlabeled_not_negative,True,BIOPEP_rule_based_combined_enzyme_simulation
DAVGVK,6,True,1,1,AFDAVGVK,False,False,unlabeled_not_negative,True,BIOPEP_rule_based_combined_enzyme_simulation
DSAAVF,6,True,1,1,IARDSAAVF,False,False,unlabeled_not_negative,True,BIOPEP_rule_based_combined_enzyme_simulation
EAGAAP,6,True,1,1,THEAGAAP,False,False,unlabeled_not_negative,True,BIOPEP_rule_based_combined_enzyme_simulation
EDVPSE,6,True,1,1,KEDVPSE,False,False,unlabeled_not_negative,True,BIOPEP_rule_based_combined_enzyme_simulation
ESAGIH,6,True,1,1,ESAGIH,True,True,positive_evidence,True,BIOPEP_rule_based_combined_enzyme_simulation
EVSQGR,6,True,1,1,EVSQGRP,False,False,unlabeled_not_negative,True,BIOPEP_rule_based_combined_enzyme_simulation
GAVPPR,6,True,1,1,LGAVPPRY,False,False,unlabeled_not_negative,True,BIOPEP_rule_based_combined_enzyme_simulation
GECGGR,6,True,1,1,LGECGGR,False,False,unlabeled_not_negative,True,BIOPEP_rule_based_combined_enzyme_simulation
GEGSGA,6,True,1,1,GEGSGA,True,True,positive_evidence,True,BIOPEP_rule_based_combined_enzyme_simulation
GGVIPN,6,True,1,1,GGVIPN,True,True,positive_evidence,True,BIOPEP_rule_based_combined_enzyme_simulation
GQTPTK,6,True,1,1,RMLGQTPTK,False,False,unlabeled_not_negative,True,BIOPEP_rule_based_combined_enzyme_simulation
IPQEVL,6,True,1,1,IPQEVLP,False,False,unlabeled_not_negative,True,BIOPEP_rule_based_combined_enzyme_simulation
IQSEPK,6,True,1,1,IQSEPKAIP,False,False,unlabeled_not_negative,True,BIOPEP_rule_based_combined_enzyme_simulation
ITVDDK,6,True,1,1,VKITVDDKHY,False,False,unlabeled_not_negative,True,BIOPEP_rule_based_combined_enzyme_simulation
PCSADW,6,True,1,1,GAAELPCSADWW,False,False,unlabeled_not_negative,True,BIOPEP_rule_based_combined_enzyme_simulation
PEAAEL,6,True,1,1,WPEAAELMMEVDP,False,False,unlabeled_not_negative,True,BIOPEP_rule_based_combined_enzyme_simulation
PGCPET,6,True,1,1,VFPGCPET,False,False,unlabeled_not_negative,True,BIOPEP_rule_based_combined_enzyme_simulation
PGDAQR,6,True,1,1,LHPGDAQR,False,False,unlabeled_not_negative,True,BIOPEP_rule_based_combined_enzyme_simulation
PGGPQL,6,True,1,1,MIFPGGPQL,False,False,unlabeled_not_negative,True,BIOPEP_rule_based_combined_enzyme_simulation
PGPIPN,6,True,5,5,LVYPFPGPIPNSLPQN;LVYPFPGPIPNSLPQNIPP;PFPGPIPN;VYPFPGPIPN;YPFPGPIPN,False,True,positive_evidence,True,BIOPEP_rule_based_combined_enzyme_simulation
PGTAVF,6,True,1,1,PGTAVFK,False,False,unlabeled_not_negative,True,BIOPEP_rule_based_combined_enzyme_simulation
SQPQAF,6,True,1,1,SQPQAFP,False,False,unlabeled_not_negative,True,BIOPEP_rule_based_combined_enzyme_simulation
SSGDVF,6,True,1,1,LSSGDVF,False,False,unlabeled_not_negative,True,BIOPEP_rule_based_combined_enzyme_simulation
SVPQPK,6,True,1,1,WSVPQPK,False,True,positive_evidence,True,BIOPEP_rule_based_combined_enzyme_simulation
TESQSL,6,True,1,1,TESQSLT,False,False,unlabeled_not_negative,True,BIOPEP_rule_based_combined_enzyme_simulation
TGAPCR,6,True,1,1,TGAPCR,True,True,positive_evidence,True,BIOPEP_rule_based_combined_enzyme_simulation
TPCPPQ,6,True,1,1,TPCPPQ,True,True,positive_evidence,True,BIOPEP_rule_based_combined_enzyme_simulation
TPEVDD,6,True,1,1,VRTPEVDD,False,False,unlabeled_not_negative,True,BIOPEP_rule_based_combined_enzyme_simulation
TPTQQS,6,True,1,1,TPTQQS,True,True,positive_evidence,True,BIOPEP_rule_based_combined_enzyme_simulation
VAPEEH,6,True,1,1,VAPEEHPV,False,False,unlabeled_not_negative,True,BIOPEP_rule_based_combined_enzyme_simulation
VGPAPW,6,True,1,1,VGPAPWGF,False,False,unlabeled_not_negative,True,BIOPEP_rule_based_combined_enzyme_simulation
VPQPIP,6,True,1,1,VPQPIP,True,True,positive_evidence,True,BIOPEP_rule_based_combined_enzyme_simulation
VSGAGR,6,True,1,1,VSGAGRY,False,False,unlabeled_not_negative,True,BIOPEP_rule_based_combined_enzyme_simulation
VTSTAV,6,True,1,1,VTSTAV,True,True,positive_evidence,True,BIOPEP_rule_based_combined_enzyme_simulation
VVCVPW,6,True,1,1,VVCVPW,True,True,positive_evidence,True,BIOPEP_rule_based_combined_enzyme_simulation
VVVPPF,6,True,1,1,VVVPPF,True,True,positive_evidence,True,BIOPEP_rule_based_combined_enzyme_simulation
AGDDAPR,7,True,2,2,AGDDAPR;FAGDDAPRR,True,True,positive_evidence,True,BIOPEP_rule_based_combined_enzyme_simulation
DAQSAPL,7,True,2,2,DAQSAPLRVY;LDAQSAPLR,False,False,unlabeled_not_negative,True,BIOPEP_rule_based_combined_enzyme_simulation
GAAGAAP,7,True,1,1,GAAGAAP,False,True,positive_evidence,True,BIOPEP_rule_based_combined_enzyme_simulation
GIQSEPK,7,True,1,1,GIQSEPKAIP,False,False,unlabeled_not_negative,True,BIOPEP_rule_based_combined_enzyme_simulation
IIAPPER,7,True,1,1,IIAPPER,True,True,positive_evidence,True,BIOPEP_rule_based_combined_enzyme_simulation
IPIPATK,7,True,1,1,IPIPATKT,False,False,unlabeled_not_negative,True,BIOPEP_rule_based_combined_enzyme_simulation
PGQITSN,7,True,1,1,SAYPGQITSN,False,False,unlabeled_not_negative,True,BIOPEP_rule_based_combined_enzyme_simulation
PTPEGDL,7,True,1,1,KPTPEGDL,False,False,unlabeled_not_negative,True,BIOPEP_rule_based_combined_enzyme_simulation
PVGGVGH,7,True,2,2,GNPVGGVGHGTTGT;YGNPVGGVGH,False,False,unlabeled_not_negative,True,BIOPEP_rule_based_combined_enzyme_simulation
PVVVPPF,7,True,1,1,PVVVPPFLQPEV,False,False,unlabeled_not_negative,True,BIOPEP_rule_based_combined_enzyme_simulation
QGPIGPR,7,True,1,1,QGPIGPR,True,True,positive_evidence,True,BIOPEP_rule_based_combined_enzyme_simulation
QSQPQAF,7,True,1,1,QSQPQAFP,False,False,unlabeled_not_negative,True,BIOPEP_rule_based_combined_enzyme_simulation
QVPQPIP,7,True,1,1,QVPQPIP,True,True,positive_evidence,True,BIOPEP_rule_based_combined_enzyme_simulation
TQTSIAQ,7,True,1,1,CRQNTLGHNTQTSIAQ,False,False,unlabeled_not_negative,True,BIOPEP_rule_based_combined_enzyme_simulation
VDSDVVK,7,True,1,1,VDSDVVKG,False,False,unlabeled_not_negative,True,BIOPEP_rule_based_combined_enzyme_simulation
VGVPGGV,7,True,1,1,VGVPGGV,True,True,positive_evidence,True,BIOPEP_rule_based_combined_enzyme_simulation
VPAAPPK,7,True,1,1,VPAAPPK,True,True,positive_evidence,True,BIOPEP_rule_based_combined_enzyme_simulation
VPGEIVE,7,True,1,1,LNVPGEIVE,False,False,unlabeled_not_negative,True,BIOPEP_rule_based_combined_enzyme_simulation
VVDGEGY,7,True,1,1,LVVDGEGY,False,False,unlabeled_not_negative,True,BIOPEP_rule_based_combined_enzyme_simulation
ADVSPAAF,8,True,1,1,QLADVSPAAFLTQQQLLPFYLHAM,False,False,unlabeled_not_negative,True,BIOPEP_rule_based_combined_enzyme_simulation
AVPITPTL,8,True,1,1,RNAVPITPTL,False,False,unlabeled_not_negative,True,BIOPEP_rule_based_combined_enzyme_simulation
GPTGPAGP,8,True,1,1,GPTGPAGP,True,True,positive_evidence,True,BIOPEP_rule_based_combined_enzyme_simulation
IAVPTGVA,8,True,1,1,IAVPTGVA,True,True,positive_evidence,True,BIOPEP_rule_based_combined_enzyme_simulation
IQSQPQAF,8,True,1,1,IQSQPQAFP,False,False,unlabeled_not_negative,True,BIOPEP_rule_based_combined_enzyme_simulation
PGAGGPEL,8,True,1,1,MIFPGAGGPEL,False,False,unlabeled_not_negative,True,BIOPEP_rule_based_combined_enzyme_simulation
PGPEESGR,8,True,1,1,EQGFLPGPEESGR,False,False,unlabeled_not_negative,True,BIOPEP_rule_based_combined_enzyme_simulation
PPGPPIPP,8,True,1,1,GLPPGPPIPP,False,False,unlabeled_not_negative,True,BIOPEP_rule_based_combined_enzyme_simulation
QQVPGSGL,8,True,1,1,WYQQVPGSGL,False,False,unlabeled_not_negative,True,BIOPEP_rule_based_combined_enzyme_simulation
SGIQSEPK,8,True,4,4,FHSGIQSEPKAIP;HSGIQSEPKAIP;KFHSGIQSEPKAIP;SGIQSEPKAIP,False,False,unlabeled_not_negative,True,BIOPEP_rule_based_combined_enzyme_simulation
TPVVVPPF,8,True,1,1,TPVVVPPFLQP,False,False,unlabeled_not_negative,True,BIOPEP_rule_based_combined_enzyme_simulation
VGSAPGVL,8,True,1,1,MVGSAPGVL,False,False,unlabeled_not_negative,True,BIOPEP_rule_based_combined_enzyme_simulation
AAAPVAVAK,9,True,1,1,AAAPVAVAK,True,True,positive_evidence,True,BIOPEP_rule_based_combined_enzyme_simulation
AIGVGAIER,9,True,1,1,AIGVGAIER,True,True,positive_evidence,True,BIOPEP_rule_based_combined_enzyme_simulation
APGAPGPVG,9,True,1,1,APGAPGPVG,True,True,positive_evidence,True,BIOPEP_rule_based_combined_enzyme_simulation
DEDTEEVPF,9,True,1,1,AFKDEDTEEVPFR,False,False,unlabeled_not_negative,True,BIOPEP_rule_based_combined_enzyme_simulation
EGAQEAQGD,9,True,1,1,MEGAQEAQGD,False,False,unlabeled_not_negative,True,BIOPEP_rule_based_combined_enzyme_simulation
GPAGAPGAA,9,True,1,1,GPAGAPGAA,True,True,positive_evidence,True,BIOPEP_rule_based_combined_enzyme_simulation
GPEGPAGAR,9,True,1,1,GPEGPAGAR,True,True,positive_evidence,True,BIOPEP_rule_based_combined_enzyme_simulation
PGDAGPQGK,9,True,1,1,GLTGRPGDAGPQGK,False,False,unlabeled_not_negative,True,BIOPEP_rule_based_combined_enzyme_simulation
SIQSQPQAF,9,True,1,1,SIQSQPQAFP,False,False,unlabeled_not_negative,True,BIOPEP_rule_based_combined_enzyme_simulation
SSIQSQPQAF,10,True,4,4,HSSIQSQPQAFT;KVHSSIQSQPQAFT;SSIQSQPQAFT;VHSSIQSQPQAFT,False,False,unlabeled_not_negative,True,BIOPEP_rule_based_combined_enzyme_simulation
TQTPVVVPPF,10,True,1,1,LTQTPVVVPPF,False,False,unlabeled_not_negative,True,BIOPEP_rule_based_combined_enzyme_simulation
EDDEEEEQGEEE,12,True,1,1,KEDDEEEEQGEEE,False,False,unlabeled_not_negative,True,BIOPEP_rule_based_combined_enzyme_simulation
GSAGPAGPSGPR,12,True,1,1,GSAGPAGPSGPRGP,False,False,unlabeled_not_negative,True,BIOPEP_rule_based_combined_enzyme_simulation
GETGPAGPAGAAGPAGPR,18,True,1,1,GETGPAGPAGAAGPAGPR,True,True,positive_evidence,True,BIOPEP_rule_based_combined_enzyme_simulation
