sequence,length,pIC50,pIC50_min,pIC50_max,measurement_count,source_dataset_count,similarity_cluster,measurement_span
AA,2,4.289036881004725,3.207608310501746,4.289036881004725,3,1,0,1.0814285705029785
AAAPVAVAK,9,4.980883709552927,4.980883709552927,4.980883709552927,1,1,892,0.0
AAATP,5,4.0,4.0,4.0,1,1,434,0.0
AAP,3,4.522878745280337,4.522878745280337,4.522878745280337,2,1,130,0.0
AAPLAP,6,4.842241113953136,4.842241113953136,4.842241113953136,1,1,618,0.0
ACHP,4,3.4428538576816368,3.4428538576816368,3.4428538576816368,2,1,340,0.0
ADVFNPR,7,3.313631896526964,3.313631896526964,3.313631896526964,1,1,738,0.0
AEL,3,4.243363891754152,4.243363891754152,4.243363891754152,3,1,131,0.0
AF,2,3.721246399047171,3.094158402017277,3.7825160557860937,6,1,1,0.6883576537688167
AFKAWAVAR,9,5.769551078621726,5.769551078621726,5.769551078621726,1,1,893,0.0
AFKDEDTEEVPFR,13,4.095825631715837,4.095825631715837,4.095825631715837,1,1,1009,0.0
AFL,3,4.190465862773459,4.185752404268079,4.195179321278838,4,1,132,0.009426917010758373
AFP,3,3.214670164989233,3.214670164989233,3.214670164989233,1,1,133,0.0
AFPGS,5,5.431798275933005,5.431798275933005,5.431798275933005,1,1,435,0.0
AFVGYVLP,8,4.744245213356956,4.744245213356956,4.744245213356956,1,1,821,0.0
AG,2,2.6020599913279625,2.6020599913279625,2.6020599913279625,1,1,2,0.0
AGDDAPR,7,4.924088238517222,4.924088238517222,4.924088238517222,1,1,739,0.0
AGP,3,3.2518119729938,3.2518119729938,3.2518119729938,2,1,134,0.0
AGS,3,3.277448337999042,3.277448337999042,3.277448337999042,3,1,135,0.0
AGSP,4,4.429457060118103,4.429457060118103,4.935542010773082,5,1,341,0.5060849506549792
AGSS,4,3.1725661045992206,3.1725661045992206,3.1725661045992206,4,1,342,0.0
AGTTCLFTPLALPYDYSH,18,5.092588639225414,5.092588639225414,5.092588639225414,1,1,1039,0.0
AH,2,3.281083313985139,3.281083313985139,3.281083313985139,1,1,3,0.0
AHEPVK,6,4.202040356262804,4.200659450546418,4.202040356262804,3,2,619,0.0013809057163864935
AHHP,4,3.071809051961243,3.071809051961243,3.071809051961243,2,1,343,0.0
AHLL,4,3.6365552500463103,2.877515318847026,6.292054589338525,4,1,344,3.414539270491499
AHSY,4,4.935542010773082,4.935542010773082,4.935542010773082,5,1,345,0.0
AI,2,2.8140951744048994,2.466502278709368,5.467245621007502,4,1,4,3.0007433422981347
AIGVGAIER,9,4.787546038959724,4.787546038959724,4.787546038959724,1,1,894,0.0
AIP,3,3.4559319556497243,3.1739251972991736,3.4559319556497243,5,1,136,0.2820067583505508
AIPP,4,3.0457574905606752,3.0457574905606752,3.0457574905606752,3,1,346,0.0
AIYK,4,3.6716203965612624,3.6716203965612624,3.6716203965612624,7,1,347,0.0
AKK,3,5.504455662453552,5.494850021680094,5.508638306165727,6,1,137,0.013788284485633184
AKLEK,5,3.643094965189922,3.643094965189922,3.643094965189922,1,1,436,0.0
AKYCY,5,4.700057099977233,4.700057099977233,4.700057099977233,1,1,437,0.0
AKYSY,5,5.823908740944319,5.823908740944319,5.823908740944319,3,2,438,0.0
ALAFQ,5,3.7799965738430648,3.7799965738430648,3.7799965738430648,1,1,439,0.0
ALEP,4,2.199282921717615,2.199282921717615,2.199282921717615,1,1,348,0.0
ALKAWSVAR,9,5.522878745280337,5.522878745280337,5.522878745280337,4,2,895,0.0
ALNEINQFY,9,3.6595558851598815,3.6595558851598815,3.6595558851598815,4,2,896,0.0
ALNEINQFYQK,11,3.5783960731301687,3.5783960731301687,3.5783960731301687,4,2,896,0.0
ALP,3,3.619788758288394,3.619788758288394,3.619788758288394,1,1,138,0.0
ALPHA,5,5.0,4.102372908709558,5.0,7,2,440,0.8976270912904418
ALPM,4,3.032452023781138,3.032452023781138,3.032452023781138,6,1,349,0.0
ALPMH,5,3.283162276700476,3.283162276700476,3.283162276700476,3,2,441,0.0
ALPMHIR,7,4.366531544420413,4.20342566678957,4.370590400897282,5,2,740,0.16716473410771115
ALPP,4,3.552841968657781,3.552841968657781,3.552841968657781,3,1,350,0.0
AMKPW,5,3.2365720064370627,3.2365720064370627,3.2365720064370627,3,2,442,0.0
AMKPWIQPK,9,3.2218487496163566,3.2218487496163566,3.2218487496163566,1,1,857,0.0
AMNPP,5,3.5164127030311056,3.5164127030311056,3.5164127030311056,1,1,443,0.0
AMPKPW,6,3.2365720064370627,3.2365720064370627,3.2365720064370627,4,2,442,0.0
ANPAVVRP,8,4.6020599913279625,4.6020599913279625,4.6020599913279625,1,1,789,0.0
AP,2,4.537602002101044,3.491781775584166,4.537602002101044,7,1,5,1.0458202265168786
APGAGVY,7,5.292429823902063,5.292429823902063,5.292429823902063,1,1,741,0.0
APGAPGPVG,9,4.790484985457369,4.790484985457369,4.790484985457369,1,1,897,0.0
APP,3,5.337242168318426,5.337242168318426,5.337242168318426,1,1,139,0.0
APSAK,5,3.486782399932061,3.486782399932061,3.486782399932061,1,1,444,0.0
APVPP,5,3.199998172182031,3.199998172182031,3.199998172182031,1,1,445,0.0
AQK,3,2.744727494896694,2.744727494896694,2.744727494896694,1,1,140,0.0
AQQLAAQLPAMCR,13,4.167491087293763,4.167491087293763,4.167491087293763,1,1,1010,0.0
AQTQSLVYP,9,4.119186407719209,4.119186407719209,4.119186407719209,2,2,898,0.0
AR,2,4.019996628416253,4.019996628416253,4.019996628416253,3,1,6,0.0
ARF,3,5.522878745280337,5.522878745280337,5.522878745280337,1,1,141,0.0
ARHPH,5,4.806041021980813,4.806041021980813,4.806041021980813,1,1,446,0.0
ARPAK,5,4.720105019988361,4.720105019988361,4.720105019988361,1,1,447,0.0
ASP,3,3.6156465858624935,3.6156465858624935,3.6156465858624935,2,1,142,0.0
ASQSIWLPGWL,11,5.39577394691553,5.39577394691553,5.39577394691553,1,1,981,0.0
ASYDTKF,7,3.036212172654445,3.036212172654445,3.036212172654445,1,1,742,0.0
ATF,3,5.017728766960431,5.017728766960431,5.017728766960431,1,1,143,0.0
AVF,3,2.673050005834001,2.673050005834001,2.673050005834001,2,1,144,0.0
AVNPIR,6,4.886056647693163,4.886056647693163,4.886056647693163,3,2,620,0.0
AVP,3,3.468521082957745,3.468521082957745,3.468521082957745,4,1,145,0.0
AVPYP,5,4.096910013008056,4.096910013008056,4.096910013008056,5,2,448,0.0
AVPYPQP,7,4.096910013008056,4.096910013008056,4.096910013008056,1,1,743,0.0
AVPYPQR,7,4.823908740944319,3.562249437179612,4.823908740944319,8,2,743,1.2616593037647066
AVV,3,4.176525770829699,4.176525770829699,4.176525770829699,3,1,146,0.0
AVVRP,5,4.130768280269024,4.130768280269024,4.130768280269024,5,2,449,0.0
AW,2,4.72584215073632,4.439332693830263,5.0,8,1,7,0.5606673061697371
AWPF,4,4.73754891026957,4.73754891026957,4.73754891026957,1,1,351,0.0
AWW,3,5.187086643357144,5.187086643357144,5.187086643357144,1,1,147,0.0
AY,2,4.721246399047171,3.720159303405957,4.847711655616943,9,1,8,1.1275523522109863
AYFTPE,6,3.980011840408715,3.980011840408715,3.980011840408715,1,1,621,0.0
AYFYP,5,2.999565922520681,2.999565922520681,3.3010299956639813,3,2,450,0.30146407314330004
AYFYPE,6,3.9746941347352296,3.9355420107730814,3.9746941347352296,3,2,450,0.03915212396214818
AYFYPEL,7,5.181774106386045,5.180456064458132,5.181774106386045,5,2,744,0.0013180419279130717
AYIASKGL,8,4.460046158343603,4.460046158343603,4.460046158343603,1,1,822,0.0
AYLQAQQLLPFNQLVRSPAA,20,3.694562640159688,3.694562640159688,3.694562640159688,1,1,1043,0.0
CF,2,5.703334809738469,2.826609239324226,5.707743928643524,5,1,9,2.8811346893192975
CFCTKPC,7,5.882728704344236,5.882728704344236,5.882728704344236,1,1,745,0.0
CMENSA,6,3.1034737825104446,3.1034737825104446,3.1034737825104446,4,2,622,0.0
CRQNTLGHNTQTSIAQ,16,4.096910013008056,4.096910013008056,4.096910013008056,1,1,1032,0.0
CVTPALR,7,4.451459264398526,4.451459264398526,4.451459264398526,1,1,722,0.0
CWLPVY,6,4.653647025549361,4.653647025549361,4.653647025549361,5,2,623,0.0
DA,2,2.42021640338319,2.42021640338319,2.42021640338319,1,1,10,0.0
DAQSAPLRVY,10,4.913640169325252,4.886056647693163,4.913640169325252,3,2,941,0.027583521632088548
DAYPSGAW,8,4.008773924307505,4.008773924307505,4.008773924307505,5,2,823,0.0
DDQIHIF,7,3.476904161747432,3.476904161747432,3.476904161747432,1,1,746,0.0
DDTGHDFEDTGEAM,14,5.015922966097169,3.3880391437856354,5.016108131822103,3,1,1018,1.6280689880364672
DELQDKIHPFAQTQSLVYPFPGPIPNS,27,2.397940008672037,2.397940008672037,2.397940008672037,1,1,1047,0.0
DF,2,3.4436974992327127,3.4436974992327127,3.4436974992327127,2,1,11,0.0
DFG,3,4.349692476868063,4.349692476868063,4.935542010773082,4,1,148,0.5858495339050185
DFHINQ,6,4.1857489574728,4.1857489574728,4.1857489574728,1,1,624,0.0
DG,2,4.910094888560602,4.910094888560602,5.667561540084395,7,1,12,0.7574666515237931
DGVVYY,6,5.698970004336019,5.698970004336019,5.698970004336019,1,1,625,0.0
DHPFL,5,5.207608310501746,5.207608310501746,5.207608310501746,1,1,451,0.0
DIGYY,5,5.4698003017969175,5.4698003017969175,5.4698003017969175,2,2,452,0.0
DK,2,3.292429823902064,3.292429823902064,3.292429823902064,1,1,13,0.0
DKIHP,5,3.9467294757955624,3.946537395074545,3.94692155651658,2,1,453,0.0003841614420352357
DKIHPF,6,3.5900668766687054,2.6162923236879068,3.5904049806031844,6,2,453,0.9741126569152776
DKIYPSFQPQPLIYP,15,3.9706162223147903,3.9706162223147903,3.9706162223147903,4,2,1027,0.0
DKVGINY,7,4.000434511774017,4.000434511774017,4.074687908500351,3,2,747,0.07425339672633413
DKVGINYW,8,4.5951662833800615,4.5951662833800615,4.598599459218455,3,2,747,0.003433175838393865
DL,2,2.6989700043360187,2.6989700043360187,2.6989700043360187,1,1,14,0.0
DLP,3,5.318758762624412,5.318758762624412,5.318758762624412,8,1,149,0.0
DLTDY,5,3.844663962534938,3.844663962534938,3.844663962534938,1,1,454,0.0
DM,2,3.2218487496163566,3.2218487496163566,3.2218487496163566,2,1,15,0.0
DMIPAQK,7,4.346787486224656,4.346787486224656,4.346787486224656,3,2,748,0.0
DP,2,5.667561540084395,5.667561540084395,5.667561540084395,1,1,16,0.0
DRVYIHPFHL,10,4.119987161633228,4.119987161633228,4.119987161633228,1,1,942,0.0
DW,2,4.237277394776969,3.588498141860776,4.886056647693163,2,1,17,1.297558505832387
DYG,3,2.5686362358410126,2.5686362358410126,2.5686362358410126,1,1,150,0.0
DYGLYP,6,4.207608310501746,4.207608310501746,4.207608310501746,5,2,613,0.0
DYVGN,5,5.9051145218265635,5.667561540084395,6.142667503568732,2,1,455,0.47510596348433687
EA,2,2.0,2.0,2.0,1,1,18,0.0
EDENNPFYLR,10,3.136677139879544,3.136677139879544,3.136677139879544,1,1,943,0.0
EG,2,2.0,2.0,2.0,1,1,19,0.0
EGPKLVAS,8,4.756961951313706,4.756961951313706,4.756961951313706,1,1,824,0.0
EKDERF,6,4.844663962534938,4.844663962534938,4.844663962534938,4,2,501,0.0
EKERERQ,7,3.257667717642852,3.257667717642852,3.257667717642852,3,2,749,0.0
EKSYELP,7,4.841336019186011,4.841336019186011,4.841336019186011,1,1,750,0.0
EKVNELSK,8,2.221993538576492,2.221993538576492,2.221993538576492,1,1,825,0.0
EMPFPK,6,3.3736596326249577,3.2393556925410283,3.3736596326249577,5,2,535,0.13430394008392943
ENLHLPLP,8,3.8096683018297086,3.8096683018297086,3.8096683018297086,4,2,787,0.0
ENLHLPLPLL,10,3.6020599913279625,3.6020599913279625,3.6020599913279625,2,2,920,0.0
ENLLRF,6,4.084072788302884,4.084072788302884,4.084072788302884,3,1,626,0.0
ENLLRFFVAPFPEVFG,16,3.6020599913279625,3.6020599913279625,3.6020599913279625,1,1,1033,0.0
EP,2,2.920818753952376,2.920818753952376,2.920818753952376,2,1,20,0.0
EPIPYGFLP,9,3.744727494896694,3.744727494896694,3.744727494896694,4,2,899,0.0
EPKAIP,6,3.4145392704914994,3.4145392704914994,3.4145392704914994,1,1,543,0.0
EPVLGPVRGPFP,12,3.1023729087095586,3.1023729087095586,3.1023729087095586,1,1,973,0.0
EQGFLPGPEESGR,13,3.3396848504425485,3.3396848504425485,3.3396848504425485,1,1,1011,0.0
ER,2,3.175874166083451,3.175874166083451,3.175874166083451,2,1,21,0.0
ERKIKVYL,8,5.920818753952375,5.920818753952375,5.920818753952375,6,2,826,0.0
ERVL,4,3.698319050706424,3.698319050706424,3.698319050706424,1,1,352,0.0
ESAGIH,6,3.429924294678396,3.429924294678396,3.429924294678396,1,1,627,0.0
ETSGMKPTEL,10,5.667561540084395,5.667561540084395,5.667561540084395,1,1,944,0.0
EVMAGNLYPG,10,4.7349967929122965,4.73481140883413,4.735182176990463,4,2,945,0.000370768156333412
EVMAGNYLPG,10,5.525783735923745,5.525783735923745,5.525783735923745,3,2,946,0.0
EVPK,4,5.761953896871205,5.761953896871205,5.761953896871205,1,1,353,0.0
EVSQGRP,7,4.301029995663981,4.301029995663981,4.301029995663981,1,1,751,0.0
EY,2,5.571865205971212,2.889735779985629,5.571865205971212,5,1,22,2.6821294259855835
FAGDDAPRR,9,3.580077278962397,3.580077278962397,3.580077278962397,1,1,900,0.0
FAL,3,4.580044251510242,4.580044251510242,4.580044251510242,5,1,151,0.0
FALPQY,6,5.366531544420414,5.366531544420414,5.366531544420414,6,2,628,0.0
FALPQYLK,8,5.366531544420414,5.366531544420414,5.366531544420414,4,2,827,0.0
FAP,3,5.42021640338319,5.42021640338319,5.42021640338319,4,1,152,0.0
FAQTQSLVYP,10,4.6020599913279625,4.6020599913279625,4.6020599913279625,2,2,898,0.0
FCF,3,4.958607314841775,4.958607314841775,4.958607314841775,2,1,153,0.0
FCLYELAR,8,4.499900808084277,4.499900808084277,4.499900808084277,1,1,828,0.0
FCVLRP,6,4.910094888560602,4.910094888560602,4.910094888560602,4,2,629,0.0
FDPFPK,6,3.97571962395292,3.97571962395292,3.97571962395292,1,1,630,0.0
FE,2,5.838631997765025,2.8667450273840727,5.838631997765025,4,1,23,2.971886970380952
FEDYVPLSCF,10,3.523842641470751,0.5238426414707504,4.9677842967020185,5,1,947,4.443941655231268
FFFPK,5,3.2918596546119514,3.2918596546119514,3.2918596546119514,1,1,456,0.0
FFGRCVSP,8,6.3979400086720375,6.3979400086720375,6.3979400086720375,4,2,752,0.0
FFGVRCVSP,9,6.3979400086720375,6.3979400086720375,6.3979400086720375,1,1,901,0.0
FFL,3,4.431798275933005,4.431798275933005,4.431798275933005,4,1,154,0.0
FFVAP,5,5.221848749616356,3.297991899684957,5.221848749616356,6,2,457,1.9238568499313993
FFVAPFEVFGK,11,4.113509274827518,4.113509274827518,4.113509274827518,1,1,982,0.0
FFVAPFPEVFGK,12,4.113509274827518,4.113509274827518,4.7447274948966935,7,2,982,0.6312182200691758
FFVAPFPFEVFGK,13,4.113509274827518,4.113509274827518,4.113509274827518,2,2,982,0.0
FFVAPFPGVFGK,12,4.113509274827518,4.113509274827518,4.113509274827518,1,1,982,0.0
FG,2,2.431798275933005,2.431798275933005,2.431798275933005,1,1,24,0.0
FGASTRGA,8,4.832682665251824,4.832682665251824,4.832682665251824,4,2,829,0.0
FGG,3,4.0835460514500745,4.0835460514500745,4.0835460514500745,3,1,155,0.0
FGGIDDINQIGQSD,14,4.324732100956284,4.324732100956284,4.324732100956284,1,1,1019,0.0
FGK,3,3.795880017344075,3.795880017344075,3.795880017344075,4,1,156,0.0
FGRCVSP,7,5.207608310501746,5.207608310501746,5.207608310501746,3,2,752,0.0
FHERDPTHIKWGD,13,5.552841968657781,5.552841968657781,5.552841968657781,1,1,999,0.0
FHG,3,3.8365927597110447,3.8365927597110447,3.8365927597110447,1,1,157,0.0
FHSGIQSEPKAIP,13,3.283996656365201,3.283996656365201,3.283996656365201,1,1,1001,0.0
FK,2,3.576049992932989,3.576049992932989,3.576049992932989,1,1,25,0.0
FKCRRW,6,4.573488738635425,4.573488738635425,4.573488738635425,1,1,631,0.0
FKGRYYP,7,6.259637310505756,5.632644078973981,6.259637310505756,5,2,753,0.6269932315317748
FL,2,5.876148359032914,5.876148359032914,5.876148359032914,2,1,26,0.0
FLKPLFNAALKLLP,14,4.653842697767992,4.653842697767992,4.653842697767992,1,1,1020,0.0
FLVPP,5,4.92009553233328,4.92009553233328,4.92009553233328,1,1,458,0.0
FNQ,3,3.474955192963155,3.474955192963155,3.474955192963155,3,1,158,0.0
FNQLAALNSAAYLQQQQLLPFSQLA,25,4.848017604542526,4.848017604542526,4.848017604542526,1,1,1046,0.0
FNVPLYE,7,3.203566636272283,2.9395783242294145,5.112382699664264,4,1,754,2.172804375434849
FNVPLYEFSY,10,0.544384088910177,0.544384088910177,0.544384088910177,1,1,948,0.0
FP,2,3.5016894462104,3.5016894462104,3.5016894462104,8,1,27,0.0
FPEVFGK,7,3.853871964321762,3.853871964321762,4.042871802323187,4,2,755,0.1889998380014255
FPQYLQY,7,4.853871964321762,4.853871964321762,4.853871964321762,5,2,756,0.0
FQKPKR,6,4.853871964321762,4.853871964321762,4.853871964321762,5,2,632,0.0
FQKVVA,6,5.236572006437063,5.236572006437063,5.236572006437063,3,2,633,0.0
FQKVVAG,7,5.130768280269024,5.130181792020672,5.130768280269024,4,2,633,0.0005864882483521683
FQKVVAK,7,5.6777807052660805,5.6777807052660805,5.6777807052660805,3,2,633,0.0
FQP,3,4.920818753952375,4.920818753952375,4.920818753952375,4,1,159,0.0
FQPQPLIYP,9,5.7447274948966935,5.7447274948966935,5.7447274948966935,4,2,902,0.0
FQPSF,5,4.901010360598823,4.901010360598823,4.901010360598823,1,1,459,0.0
FR,2,3.036212172654445,3.036212172654445,3.036212172654445,1,1,28,0.0
FRADHPFL,8,5.494850021680094,5.494850021680094,5.494850021680094,1,1,757,0.0
FRAHPFL,7,5.494850021680094,5.494850021680094,5.494850021680094,1,1,757,0.0
FRC,3,5.154901959985743,5.154901959985743,5.154901959985743,1,1,160,0.0
FRGLMHY,7,3.0567637320884717,3.0567637320884717,3.0567637320884717,1,1,758,0.0
FRVPTPN,7,5.019996628416253,5.019996628416253,5.019996628416253,1,1,759,0.0
FSDKIAK,7,3.944621668625,3.944621668625,3.944621668625,1,1,760,0.0
FSY,3,4.211978582870912,3.743457499913167,5.657577319177793,3,1,161,1.9141198192646263
FTDVDFIK,8,6.376750709602099,6.376750709602099,6.376750709602099,1,1,830,0.0
FTY,3,4.226945306635738,4.088864787869368,5.678690322780319,3,1,162,1.5898255349109514
FVAP,4,5.0,5.0,5.0,3,1,354,0.0
FVAPFPEV,8,3.322493421047951,3.322493421047951,3.322493421047951,1,1,831,0.0
FVNPEAGS,8,5.1598939055432425,5.1598939055432425,5.1598939055432425,1,1,832,0.0
FVNPQAGS,8,5.161150909262744,5.161150909262744,5.161150909262744,1,1,832,0.0
FW,2,5.4089353929735005,5.229147988357855,5.4089353929735005,3,1,29,0.17978740461564513
FWN,3,4.73754891026957,4.73754891026957,4.73754891026957,3,1,163,0.0
FY,2,5.427128397799519,4.373659632624958,5.431798275933005,13,1,30,1.0581386433080473
FYPEL,5,4.088203409562748,4.088203409562748,4.088203409562748,1,1,460,0.0
FYQQ,4,4.6020599913279625,4.6020599913279625,4.6020599913279625,2,1,355,0.0
FYTGG,5,5.42021640338319,5.42021640338319,5.42021640338319,1,1,461,0.0
GA,2,2.6989700043360187,2.6989700043360187,2.6989700043360187,1,1,31,0.0
GAAELPCSADWW,12,6.022276394711152,6.022276394711152,6.022276394711152,4,2,996,0.0
GAAGAAP,7,5.468521082957745,5.468521082957745,5.468521082957745,1,1,761,0.0
GAATHEAP,8,3.682688979793189,3.682688979793189,3.682688979793189,1,1,833,0.0
GAP,3,5.031517051446065,5.031517051446065,5.031517051446065,1,1,164,0.0
GAPGLPGP,8,4.531652669587842,4.531652669587842,4.531652669587842,1,1,834,0.0
GAPGPAGPGGIPGERG,16,4.341035157335565,4.341035157335565,4.341035157335565,1,1,1034,0.0
GAW,3,3.619788758288394,3.619788758288394,3.619788758288394,1,1,165,0.0
GD,2,2.036212172654445,2.036212172654445,2.036212172654445,1,1,32,0.0
GDAP,4,4.647817481888637,4.647817481888637,4.935542010773082,5,1,356,0.28772452888444455
GDLGKTTTVSNWSPPKYKDTP,21,4.947690900352677,4.947690900352677,4.947690900352677,2,1,1044,0.0
GE,2,2.2676062401770314,2.2676062401770314,2.2676062401770314,1,1,33,0.0
GEGGP,5,3.784356974007387,3.595166283380062,3.973547664634712,2,1,462,0.37838138125465015
GEGSGA,6,3.944239535312265,3.944239535312265,3.944239535312265,1,1,634,0.0
GEHGGAGMGGGQFQPV,16,3.309316719950892,3.309316719950892,3.309316719950892,1,1,1035,0.0
GEP,3,3.876650764184797,2.494850021680094,7.397940008672037,5,1,166,4.903089986991942
GF,2,3.5561114532226283,2.590947372721049,3.560004526046192,8,1,34,0.9690571533251431
GFHI,4,3.868681166753925,3.868681166753925,3.868681166753925,1,1,357,0.0
GFPGER,6,3.0210894228244283,3.0210894228244283,3.0210894228244283,1,1,635,0.0
GFPGTPGLPGF,11,3.360513510731414,3.360513510731414,3.360513510731414,1,1,983,0.0
GFR,3,4.02571864112217,4.02571864112217,4.02571864112217,1,1,167,0.0
GG,2,2.1426675035687315,2.1426675035687315,2.1426675035687315,1,1,35,0.0
GGVIPN,6,6.130768280269024,6.130768280269024,6.130768280269024,3,2,636,0.0
GGY,3,5.886056647693163,5.886056647693163,5.886056647693163,1,1,168,0.0
GH,2,2.508638306165728,2.508638306165728,2.508638306165728,1,1,36,0.0
GHF,3,2.958607314841775,2.958607314841775,2.999565922520681,5,1,169,0.040958607678906134
GHG,3,3.913640169325252,3.913640169325252,3.913640169325252,2,1,170,0.0
GHKIATFQER,10,6.3979400086720375,6.3979400086720375,6.3979400086720375,3,2,949,0.0
GHKIATFQQR,10,6.3979400086720375,6.3979400086720375,6.3979400086720375,1,1,949,0.0
GHS,3,3.913640169325252,3.913640169325252,3.913640169325252,1,1,171,0.0
GI,2,2.886056647693163,2.886056647693163,2.920818753952376,3,1,37,0.03476210625921272
GIHETTY,7,4.590743347961091,4.590743347961091,4.590743347961091,1,1,762,0.0
GIPGERGPVGPSG,13,4.36251027048749,4.36251027048749,4.36251027048749,1,1,1012,0.0
GIPLPLI,7,4.129186576084402,4.129186576084402,4.129186576084402,1,1,763,0.0
GIQSEPKAIP,10,3.3665315444204134,3.3665315444204134,3.3665315444204134,1,1,908,0.0
GK,2,2.2676062401770314,2.2676062401770314,2.2676062401770314,1,1,38,0.0
GKDAVIV,7,4.73754891026957,4.73754891026957,4.73754891026957,1,1,764,0.0
GKEIIVKAQR,10,4.179995693191682,4.179995693191682,4.179995693191682,1,1,950,0.0
GKKIATYQER,10,5.698970004336019,5.698970004336019,5.698970004336019,2,2,913,0.0
GKKVLQ,6,5.721246399047171,5.721246399047171,5.721246399047171,3,2,637,0.0
GKMVKVVSWY,10,5.170053304058364,5.170053304058364,5.170053304058364,1,1,951,0.0
GKP,3,3.453457336521869,3.453457336521869,3.453457336521869,8,1,172,0.0
GL,2,2.6020599913279625,2.6020599913279625,2.6020599913279625,1,1,39,0.0
GLDIQK,6,3.2365720064370627,3.2365720064370627,3.2365720064370627,5,2,509,0.0
GLP,3,5.790484985457369,5.790484985457369,5.790484985457369,2,1,173,0.0
GLPGSRGERGLPG,13,4.216096420727265,4.216096420727265,4.216096420727265,1,1,1013,0.0
GLPPGPPIPP,10,5.376750709602099,5.376750709602099,5.376750709602099,1,1,952,0.0
GLSDGEWQ,8,3.879470382296755,3.879470382296755,3.879470382296755,1,1,835,0.0
GLTGRPGDAGPQGK,14,3.3435184842095014,3.3435184842095014,3.3435184842095014,1,1,1021,0.0
GLTSK,5,4.184422251675732,4.184422251675732,4.184422251675732,1,1,463,0.0
GM,2,2.853871964321762,2.853871964321762,2.853871964321762,1,1,40,0.0
GNPVGGVGHGTTGT,14,3.361960245740557,3.361960245740557,3.361960245740557,1,1,1022,0.0
GP,2,3.4436974992327127,3.4436974992327127,4.180456064458131,6,1,41,0.736758565225418
GPA,3,3.3925449767853317,3.3925449767853317,3.3925449767853317,4,1,174,0.0
GPAGAP,6,2.0809219076239263,2.0809219076239263,2.0809219076239263,1,1,638,0.0
GPAGAPGAA,9,4.430919728918205,4.430041181903406,4.431798275933005,2,1,903,0.0017570940295987825
GPAM,4,5.45946208065769,5.45946208065769,5.45946208065769,1,1,358,0.0
GPCSR,5,3.8846658948669326,3.559405738160169,4.209926051573696,2,1,464,0.6505203134135269
GPFPILV,7,3.3726341434072675,3.3726341434072675,3.3726341434072675,2,2,765,0.0
GPIGPP,6,3.908684840302777,3.908684840302777,3.908684840302777,1,1,639,0.0
GPIGSVGAP,9,1.497572880015567,1.497572880015567,1.497572880015567,1,1,904,0.0
GPL,3,5.576754126063192,5.576754126063192,5.5934598195660445,9,1,175,0.016705693502852448
GPLGLLGFLGPLGLS,15,4.045612749855485,4.045612749855485,4.045612749855485,4,2,1028,0.0
GPM,3,4.766242637034489,4.761953896871205,4.766242637034489,6,1,176,0.004288740163284288
GPP,3,4.634356336067436,4.633872262658333,4.636388020107855,3,1,177,0.002515757449522482
GPPGAP,6,2.006211552636506,1.94692155651658,2.065501548756432,2,1,638,0.11857999223985205
GPPGPP,6,1.94692155651658,1.94692155651658,1.94692155651658,1,1,639,0.0
GPPGTDGAP,9,1.9788107009300615,1.9788107009300615,1.9788107009300615,1,1,905,0.0
GPPP,4,4.2479709053828625,2.430440262009292,6.0655015487564325,2,1,359,3.6350612867471406
GPSMR,5,3.556737012541305,3.556737012541305,3.556737012541305,1,1,465,0.0
GPTGPAGP,8,3.580077278962397,3.580077278962397,3.580077278962397,1,1,836,0.0
GPV,3,5.3292926307490855,5.327902142064282,5.330683119433888,2,1,178,0.0027809773696061413
GPVGPA,6,3.908684840302777,3.908684840302777,3.908684840302777,1,1,640,0.0
GQ,2,2.4369342963690075,2.154901959985743,2.7189666327522723,2,1,42,0.5640646727665293
GQLGEHGGAGMG,12,3.2797497110912213,3.2797497110912213,3.2797497110912213,1,1,997,0.0
GQY,3,4.281498311132726,4.281498311132726,4.281498311132726,1,1,179,0.0
GR,2,3.789949150124863,2.494850021680094,3.789949150124863,3,1,43,1.295099128444769
GRP,3,4.698970004336019,4.698970004336019,4.701146923590294,6,1,180,0.0021769192542748783
GRVMP,5,3.6020599913279625,3.6020599913279625,3.7455244321961287,6,2,466,0.14346444086816623
GS,2,2.42021640338319,2.42021640338319,2.42021640338319,1,1,44,0.0
GSAGPAGPSGPRGP,14,3.779891911959945,3.779891911959945,3.779891911959945,1,1,1023,0.0
GSAGY,5,3.0222763947111524,3.0222763947111524,3.0222763947111524,1,1,467,0.0
GT,2,2.2441251443275085,2.2441251443275085,2.2441251443275085,1,1,45,0.0
GTEKC,5,3.8846658948669326,3.559405738160169,4.209926051573696,2,1,468,0.6505203134135269
GTG,3,5.2564902352715706,5.2564902352715706,5.2564902352715706,3,1,181,0.0
GTW,3,3.333107788933464,3.3329207945357835,3.33348201944512,6,1,182,0.0005612249093362998
GV,2,2.337242168318426,2.337242168318426,2.337242168318426,1,1,46,0.0
GVGAGY,6,5.39040559077478,5.39040559077478,5.39040559077478,1,1,641,0.0
GVGY,4,4.455931955649724,4.455931955649724,4.455931955649724,1,1,360,0.0
GVHGV,5,5.698970004336019,5.698970004336019,5.698970004336019,3,2,469,0.0
GVHHA,5,4.1438755557577,4.1438755557577,4.1438755557577,5,2,470,0.0
GVHTFP,6,4.06398920428479,4.06398920428479,4.06398920428479,1,1,642,0.0
GVPKVKETMVPK,12,3.424696666577601,3.424696666577601,3.424696666577601,1,1,998,0.0
GVPKVKETMVPKH,13,3.651305809734459,3.651305809734459,3.651305809734459,1,1,998,0.0
GVSLPEW,7,4.522878745280337,4.522878745280337,4.522878745280337,1,1,721,0.0
GVW,3,3.619788758288394,3.619788758288394,3.619788758288394,4,1,183,0.0
GVYPH,5,2.5999993830236203,2.5999993830236203,2.5999993830236203,1,1,471,0.0
GVYPHK,6,5.795880017344075,5.795880017344075,5.795880017344075,2,1,471,0.0
GW,2,4.522878745280337,3.9395192526186182,4.522878745280337,5,1,47,0.5833594926617192
GWAP,4,5.413412695328245,5.413412695328245,5.413412695328245,5,1,361,0.0
GY,2,3.8998934256884383,2.621139824735609,4.167491087293763,13,1,48,1.5463512625581544
GYALPHA,7,4.563837352959244,4.563837352959244,4.563837352959244,3,2,766,0.0
GYK,3,3.795880017344075,3.795880017344075,3.795880017344075,1,1,184,0.0
HDHM,4,3.558776325757388,3.558776325757388,3.558776325757388,1,1,362,0.0
HDWWKER,7,3.233884716778586,3.233884716778586,3.233884716778586,1,1,767,0.0
HERDPTHIKWGD,12,5.096910013008056,5.096910013008056,5.096910013008056,3,2,999,0.0
HFEAMR,6,3.71602071576152,3.71602071576152,3.71602071576152,1,1,643,0.0
HG,2,2.2006594505464183,2.2006594505464183,2.2006594505464183,1,1,49,0.0
HHL,3,5.265525335219074,4.661543506395395,5.657577319177793,5,1,185,0.9960338127823984
HHT,3,3.096910013008056,3.096910013008056,3.096910013008056,1,1,186,0.0
HIKWGD,6,4.301029995663981,4.301029995663981,4.301029995663981,2,1,644,0.0
HIR,3,3.020907099361674,3.020907099361674,3.020907099361674,2,1,187,0.0
HL,2,2.494850021680094,2.494850021680094,2.494850021680094,1,1,50,0.0
HLL,3,4.653647025549361,4.653647025549361,4.653647025549361,1,1,188,0.0
HLNVVHEN,8,4.293452897359643,4.293452897359643,4.293452897359643,1,1,837,0.0
HLPLP,5,4.3872161432802645,1.665546248849069,4.3872161432802645,9,2,472,2.7216698944311952
HLPLPLL,7,4.46344155742847,4.46344155742847,4.46344155742847,1,1,768,0.0
HPFAQ,5,3.332547047110046,3.332547047110046,3.332547047110046,2,1,473,0.0
HPFAQTQSLVYP,12,4.585026652029182,4.585026652029182,4.585026652029182,2,2,1000,0.0
HPHPHLSF,8,3.039102157243452,1.5391021572434518,4.539102157243452,2,1,838,3.0
HPIKH,5,2.8964699365716253,2.8964699365716253,2.899998417198648,3,1,474,0.003528480627022823
HQAAGW,6,4.221848749616356,4.221848749616356,4.221848749616356,2,2,645,0.0
HQG,3,3.1278437272517072,3.1278437272517072,3.1278437272517072,1,1,189,0.0
HQIYP,5,3.958607314841775,3.958607314841775,4.145693958198919,5,2,475,0.18708664335714387
HSGIQSEPKAIP,12,2.999565922520681,2.999565922520681,2.999565922520681,2,2,1001,0.0
HSSIQSQPQAFT,12,2.999565922520681,2.999565922520681,2.999565922520681,2,2,992,0.0
HWTTQR,6,2.804006843574772,2.7596153904976584,2.8041003475907664,3,1,646,0.04448495709310807
HY,2,4.583359492661719,4.583359492661719,4.583359492661719,4,1,51,0.0
HYVPV,5,3.000782434469897,3.000782434469897,3.000782434469897,1,1,476,0.0
IA,2,3.815308569182401,3.815308569182401,3.815308569182401,3,1,52,0.0
IAE,3,4.459670525209126,4.459670525209126,4.459670525209126,3,1,190,0.0
IAGRP,5,4.586030028251939,4.586030028251939,4.586030028251939,1,1,477,0.0
IAIP,4,3.3279021420642825,3.3279021420642825,3.3279021420642825,3,1,363,0.0
IAIPP,5,3.0457574905606752,3.0457574905606752,3.2218487496163566,5,2,478,0.17609125905568135
IAK,3,4.804100347590766,1.804100347590766,4.804100347590766,5,1,191,3.0
IAP,3,5.568636235841012,1.599980364934842,5.568636235841012,7,1,192,3.9686558709061703
IAPG,4,4.943095148663527,4.943095148663527,4.943095148663527,3,1,364,0.0
IARDSAAVF,9,4.248720896016658,4.248720896016658,4.248720896016658,1,1,906,0.0
IAV,3,3.814174640387038,3.814174640387038,3.814174640387038,2,1,193,0.0
IAVPTGVA,8,4.832682665251824,4.832682665251824,4.832682665251824,1,1,839,0.0
IAYKP,5,5.533132379645891,5.533132379645891,5.533132379645891,1,1,479,0.0
IAYKPAG,7,5.376750709602099,5.376750709602099,5.379863945026242,4,2,769,0.0031132354241432125
IDALNENK,8,4.147520006363144,4.147520006363144,4.147520006363144,1,1,840,0.0
IDPNG,5,5.075720713938118,5.075720713938118,5.075720713938118,1,1,480,0.0
IEF,3,5.42021640338319,5.42021640338319,5.42021640338319,1,1,194,0.0
IEKP,4,5.364041496042277,5.364041496042277,5.364041496042277,1,1,365,0.0
IEKPP,5,5.920818753952375,5.920818753952375,5.920818753952375,1,1,481,0.0
IELPLG,6,4.140021558357979,4.140021558357979,4.140021558357979,1,1,647,0.0
IEP,3,5.795880017344075,5.795880017344075,5.795880017344075,1,1,195,0.0
IEW,3,3.98296666070122,3.98296666070122,3.98296666070122,1,1,196,0.0
IEY,3,3.739928612014925,3.739928612014925,3.739928612014925,3,1,197,0.0
IF,2,4.181774106386045,3.0315170514460648,4.181774106386045,3,1,53,1.15025705493998
IFG,3,2.999565922520681,2.999565922520681,2.999565922520681,1,1,198,0.0
IFL,3,4.348721986001856,4.348721986001856,4.348721986001856,5,1,199,0.0
IFVPAF,6,5.468521082957745,5.468521082957745,5.468521082957745,5,2,648,0.0
IG,2,2.920818753952376,2.920818753952376,2.920818753952376,1,1,54,0.0
IGDEPLANYL,10,4.19795756894724,4.19795756894724,4.19795756894724,1,1,953,0.0
IGSENSEKTTMP,12,3.111792416405554,3.111764326729433,3.111820506081675,2,1,1002,5.617935224222492e-05
IHETT,5,5.568636235841012,5.568636235841012,5.568636235841012,1,1,482,0.0
IHPF,4,4.935542010773082,4.935542010773082,4.935542010773082,1,1,366,0.0
IHPFAQTQSLVYP,13,4.721246399047171,4.721246399047171,4.721246399047171,2,2,1000,0.0
IIAEK,5,4.195860567664649,4.195860567664649,4.195860567664649,1,1,483,0.0
IIAMK,5,3.3027706572402824,3.3027706572402824,3.3027706572402824,1,1,484,0.0
IIAPPER,7,5.059483515067432,5.059483515067432,5.059483515067432,1,1,770,0.0
IIP,3,4.092588639225414,4.092588639225414,4.092588639225414,1,1,200,0.0
IITNW,5,4.509199047989145,4.509199047989145,4.509199047989145,1,1,485,0.0
IIVTQTMK,8,4.149966742310231,4.149966742310231,4.149966742310231,1,1,841,0.0
IKLPP,5,3.7124221909212944,3.7124221909212944,3.7124221909212944,1,1,486,0.0
IKP,3,5.6020599913279625,5.154901959985743,5.769551078621726,9,1,201,0.6146491186359828
IKPLDY,6,4.36997914888659,4.36997914888659,4.36997914888659,1,1,649,0.0
IKPLNY,6,4.366531544420413,4.366531544420413,4.366531544420413,6,2,649,0.0
IKPVQ,5,4.474955192963154,4.474955192963154,4.474955192963154,1,1,487,0.0
IKW,3,6.6777807052660805,6.6777807052660805,6.6777807052660805,8,1,202,0.0
IKY,3,4.468521082957745,4.468521082957745,4.468521082957745,1,1,203,0.0
ILP,3,3.5686362358410126,3.5686362358410126,3.5686362358410126,4,1,204,0.0
ILVDR,5,4.090176630349088,4.090176630349088,4.090176630349088,1,1,488,0.0
IMVAEAR,7,4.075100735985717,4.075100735985717,4.075100735985717,1,1,771,0.0
INKVVR,6,5.2441251443275085,5.2441251443275085,5.2441251443275085,1,1,650,0.0
INYWL,5,4.958607314841775,4.958607314841775,4.958607314841775,1,1,489,0.0
IP,2,3.886056647693163,3.886056647693163,3.886056647693163,1,1,55,0.0
IPA,3,3.85078088734462,3.85078088734462,3.85078088734462,10,1,205,0.0
IPAGV,5,4.031517051446065,4.031517051446065,4.031517051446065,1,1,490,0.0
IPAIN,5,3.363913484896927,3.363913484896927,3.363913484896927,2,1,491,0.0
IPALLKR,7,4.366531544420413,4.366531544420413,4.366531544420413,1,1,772,0.0
IPAQK,5,3.696803942579511,3.696803942579511,3.696803942579511,1,1,492,0.0
IPAVFK,6,3.839231438138872,3.839231438138872,3.839231438138872,1,1,651,0.0
IPF,3,5.056505484093897,5.056505484093897,5.056505484093897,1,1,206,0.0
IPIPATKT,8,3.576754126063192,3.576754126063192,3.576754126063192,1,1,842,0.0
IPN,3,3.85078088734462,3.85078088734462,3.85078088734462,1,1,207,0.0
IPP,3,5.301029995663981,5.288192770958809,5.301029995663981,16,1,208,0.012837224705172012
IPPAYSK,7,3.935317433771489,3.935317433771489,3.935317433771489,1,1,773,0.0
IPPGVPYWT,9,4.1938200260161125,4.1938200260161125,4.1938200260161125,1,1,907,0.0
IPQEVLP,7,3.161150909262745,3.161150909262745,3.161150909262745,4,2,691,0.0
IPY,3,3.686132779630847,3.686132779630847,3.686132779630847,2,1,209,0.0
IQP,3,5.42021640338319,5.238824186844269,5.42021640338319,7,1,210,0.1813922165389208
IQSEPKAIP,9,3.2441251443275085,3.2441251443275085,3.2441251443275085,1,1,908,0.0
IQSQPQAFP,9,3.2006594505464183,3.2006594505464183,3.2006594505464183,1,1,909,0.0
IQW,3,5.853871964321762,5.853871964321762,5.853871964321762,1,1,211,0.0
IQY,3,5.5452219853794125,5.537602002101044,5.552841968657781,2,1,212,0.015239966556736206
IRA,3,5.1938200260161125,5.1938200260161125,5.1938200260161125,4,1,213,0.0
IRAQQ,5,4.091514981121351,3.795880017344075,5.376750709602099,5,2,493,1.5808706922580242
IRP,3,5.7447274948966935,5.721246399047171,5.7447274948966935,6,1,214,0.023481095849522404
IRPVQ,5,5.853871964321762,5.85078088734462,5.853871964321762,3,1,494,0.0030910769771415048
IRW,3,6.221848749616356,6.221848749616356,6.221848749616356,1,1,215,0.0
IRWCT,5,6.0,6.0,6.0,1,1,495,0.0
IRY,3,6.225498368987106,6.221848749616356,6.229147988357856,2,1,216,0.007299238741500069
IRYLPRG,7,5.376750709602099,5.376750709602099,5.376750709602099,1,1,774,0.0
ISHIYVWK,8,5.423658649794207,5.423658649794207,5.423658649794207,1,1,843,0.0
ISSMGILVCL,10,5.411168274405792,5.411168274405792,5.411168274405792,1,1,954,0.0
ITF,3,4.309803919971486,4.309803919971486,4.309803919971486,1,1,217,0.0
ITP,3,5.022276394711152,5.022276394711152,5.022276394711152,1,1,218,0.0
ITRY,4,3.625434939277235,3.625434939277235,3.625434939277235,1,1,367,0.0
ITT,3,3.168450148004244,3.168450148004244,3.168450148004244,2,1,219,0.0
ITTNP,5,3.260427655549908,3.260427655549908,3.260427655549908,8,2,496,0.0
IVF,3,4.480040819247932,4.480040819247932,4.480040819247932,1,1,220,0.0
IVGFPAYGH,9,3.821368324606747,3.821368324606747,3.821368324606747,2,1,910,0.0
IVGRPR,6,3.2599965285214245,3.0,3.519993057042849,2,2,652,0.519993057042849
IVGRPRH,7,3.5228787452803374,3.5228787452803374,3.5228787452803374,1,1,652,0.0
IVGRPRHQG,9,5.619788758288394,5.207608310501746,5.619788758288394,6,2,911,0.412180447786648
IVGRRRHQG,9,5.619788758288394,5.619788758288394,5.619788758288394,2,2,911,0.0
IVVE,4,3.5012760292520952,3.5012760292520952,3.5012760292520952,2,1,368,0.0
IVY,3,4.831502516476967,1.8315025164769676,6.318758762624412,10,1,221,4.487256246147445
IW,2,5.327902142064282,4.906578314837764,5.823908740944319,12,1,56,0.9173304261065542
IWH,3,5.455931955649724,5.455931955649724,5.455931955649724,4,1,222,0.0
IWHHT,5,5.236572006437063,5.236572006437063,5.292429823902063,7,2,497,0.05585781746500018
IWHHTFYNELR,11,3.1567672219019904,3.1567672219019904,3.1567672219019904,1,1,984,0.0
IY,2,5.431798275933005,4.431798275933005,5.6777807052660805,23,1,57,1.2459824293330755
IYEGY,5,4.100070117272136,4.100070117272136,4.100070117272136,1,1,498,0.0
IYK,3,3.7520267336381936,3.7520267336381936,3.7520267336381936,1,1,223,0.0
IYLL,4,4.376750709602099,4.376750709602099,4.376750709602099,3,1,369,0.0
IYP,3,4.214670164989233,4.214670164989233,4.214670164989233,6,1,224,0.0
IYPR,4,5.0,5.0,5.0,1,1,370,0.0
IYPRY,5,5.3872161432802645,5.070581074285707,5.3872161432802645,8,2,499,0.3166350689945574
IYPSFQPQPLIYP,13,5.119186407719209,5.119186407719209,5.119186407719209,4,2,1008,0.0
KA,2,4.501689446210399,4.501689446210399,4.501689446210399,3,1,58,0.0
KAAAAP,6,4.703554205793604,4.703554205793604,4.703554205793604,1,1,653,0.0
KAAAATP,7,4.59108197915322,4.59108197915322,4.59108197915322,1,1,653,0.0
KALPMHIRLAF,11,4.958607314841775,4.958607314841775,4.958607314841775,1,1,985,0.0
KAPVA,5,4.331987028358168,4.331987028358168,4.331987028358168,5,2,500,0.0
KDERF,5,3.0716041477432863,3.0716041477432863,3.365371609563347,4,2,501,0.29376746182006075
KDYRL,5,4.576754126063192,4.576754126063192,4.576754126063192,5,1,502,0.0
KEDDEEEEQGEEE,13,4.193548676752738,4.193548676752738,4.193548676752738,1,1,1014,0.0
KF,2,4.548213564475709,3.9355420107730814,4.548213564475709,5,1,59,0.6126715537026279
KFAR,4,4.488951018685851,4.488951018685851,4.488951018685851,1,1,371,0.0
KFAWPQ,6,3.751781438809925,3.751781438809925,3.751781438809925,2,1,654,0.0
KFHSGIQSEPKAIP,14,2.999565922520681,2.999565922520681,2.999565922520681,2,2,1001,0.0
KFPQY,5,4.907630300370879,4.907630300370879,4.907630300370879,1,1,503,0.0
KFY,3,4.346787486224656,4.346787486224656,4.346787486224656,1,1,225,0.0
KFYG,4,4.043351420794797,4.043351420794797,4.043351420794797,7,1,372,0.0
KG,2,2.494850021680094,2.494850021680094,2.494850021680094,1,1,60,0.0
KGYGGVSL,8,3.5587142815251123,3.5215778122599195,3.595850750790305,2,2,844,0.07427293853038552
KGYGGVSLPEW,11,6.154901959985743,6.096910013008056,6.154901959985743,3,2,938,0.05799194697768684
KIEL,4,3.0707343817469344,3.0707343817469344,3.0707343817469344,1,1,373,0.0
KIHPFAQAQ,9,3.8774564759312455,3.8774564759312455,3.8774564759312455,1,1,912,0.0
KIHPFAQTQSLVYP,14,4.4089353929735005,4.4089353929735005,4.4089353929735005,2,2,1000,0.0
KIYPSFQPQPLIYP,14,5.0655015487564325,5.0655015487564325,5.0655015487564325,4,2,1008,0.0
KKIATYQER,9,5.698970004336019,5.698970004336019,5.698970004336019,3,2,913,0.0
KKYKVPQ,7,3.144541419613964,3.144541419613964,3.144541419613964,1,1,775,0.0
KKYMVPQL,8,4.112945621949043,4.112945621949043,4.112945621949043,1,1,845,0.0
KKYNVPQL,8,4.112382699664264,1.1129456219490432,4.112945621949043,3,1,845,3.0
KL,2,4.29929628285498,4.29929628285498,4.29929628285498,1,1,61,0.0
KLKFV,5,4.51999305704285,4.51999305704285,4.51999305704285,1,1,504,0.0
KLP,3,3.3010299956639813,3.3010299956639813,3.3010299956639813,2,1,226,0.0
KLPAGTLF,8,4.872895201635192,4.872895201635192,4.872895201635192,4,1,846,0.0
KLYMRP,6,5.192464971931146,5.192464971931146,5.192464971931146,1,1,655,0.0
KNGDGY,6,4.287097874952777,4.287097874952777,4.287097874952777,1,1,656,0.0
KP,2,4.657577319177793,4.657577319177793,4.657577319177793,3,1,62,0.0
KPGRP,5,4.173406946065952,4.173406946065952,4.173406946065952,1,1,505,0.0
KPPETV,6,4.617982957425132,4.617982957425132,4.617982957425132,4,2,657,0.0
KPVAAP,6,4.907630300370879,4.907630300370879,4.907630300370879,1,1,658,0.0
KR,2,3.42021640338319,3.42021640338319,3.42021640338319,1,1,63,0.0
KRQKYDI,7,4.581698708680254,4.581698708680254,4.581698708680254,3,2,776,0.0
KRVIQY,6,5.214670164989233,5.214670164989233,5.214670164989233,1,1,659,0.0
KTAP,4,4.431798275933005,4.431798275933005,4.431798275933005,2,1,374,0.0
KVAGPK,6,3.515700160653214,3.515700160653214,3.515700160653214,1,1,660,0.0
KVEGDLK,7,5.33161408331,5.33161408331,5.33161408331,1,1,777,0.0
KVGTKCCAKP,10,4.522878745280337,4.522878745280337,4.522878745280337,1,1,955,0.0
KVHSSIQSQPQAFT,14,2.999565922520681,2.999565922520681,2.999565922520681,2,2,1024,0.0
KVLAGM,6,4.522878745280337,4.522878745280337,4.522878745280337,2,2,661,0.0
KVLILA,6,4.680893940690224,4.680893940690224,4.680893940690224,3,2,662,0.0
KVLPG,5,3.5760336313197145,3.5760336313197145,3.5760336313197145,1,1,506,0.0
KVLPLP,6,5.301029995663981,5.301029995663981,5.301029995663981,1,1,663,0.0
KVLPVP,6,5.301029995663981,5.301029995663981,5.337242168318426,8,2,663,0.03621217265444443
KVLPVPQ,7,3.0,3.0,3.2817724266448587,4,2,664,0.2817724266448587
KVLPVQ,6,3.0,3.0,3.0,1,1,664,0.0
KVREEY,6,5.040958607678906,5.040958607678906,5.040958607678906,1,1,665,0.0
KVREGT,6,5.040958607678906,5.040958607678906,5.040958607678906,3,2,666,0.0
KVREGTTY,8,3.9880068853407433,3.9880068853407433,3.9880068853407433,4,2,847,0.0
KW,2,5.0372408209112844,4.966576244513051,5.787812395596042,6,1,64,0.8212361510829913
KWL,3,4.360513510731414,4.360513510731414,4.360513510731414,1,1,227,0.0
KWLP,4,5.301029995663981,5.301029995663981,5.301029995663981,1,1,375,0.0
KY,2,5.113509274827518,4.886056647693163,5.787812395596042,7,1,65,0.9017557479028788
KYIPIQ,6,5.137868620686962,5.137868620686962,5.137868620686962,1,1,667,0.0
KYPVEPFTESQSLTL,15,1.0315170514460652,1.0315170514460652,1.0315170514460652,1,1,1029,0.0
KYPVQPFTESQSLTL,15,4.356547323513812,4.356547323513812,4.356547323513812,1,1,1029,0.0
KYY,3,4.102372908709558,4.102372908709558,4.102372908709558,1,1,228,0.0
LA,2,3.508638306165728,3.508638306165728,3.508638306165728,1,1,66,0.0
LAA,3,4.886056647693163,4.886056647693163,4.886056647693163,3,1,229,0.0
LAHKAL,6,3.20690839982342,3.20690839982342,3.20690839982342,6,2,668,0.0
LAIPVNKP,8,4.154901959985743,4.154901959985743,4.154901959985743,1,1,848,0.0
LALPP,5,3.1023729087095586,3.0999990348465305,3.1023729087095586,4,1,507,0.0023738738630281198
LAMA,4,3.114400345836246,2.9738754832545498,3.2549252084179425,2,1,376,0.28104972516339277
LAP,3,5.455931955649724,5.455931955649724,5.455931955649724,5,1,230,0.0
LAPSLPGKPKPD,12,5.705533773838408,5.705533773838408,5.705533773838408,1,1,1003,0.0
LAPSTIK,7,4.81559251458768,4.81559251458768,4.81559251458768,1,1,778,0.0
LAPYK,5,4.773400094792643,4.773400094792643,4.773400094792643,1,1,508,0.0
LASPTM,6,4.223298816011589,4.223298816011589,4.223298816011589,1,1,669,0.0
LAY,3,5.4089353929735005,5.4089353929735005,5.4089353929735005,3,1,231,0.0
LAYFYP,6,4.187086643357144,4.187086643357144,4.187086643357144,4,2,450,0.0
LDAQSAPLR,9,3.1972262747080245,3.1972262747080245,3.1972262747080245,4,2,914,0.0
LDIQK,5,4.559090917934782,3.408189937469083,4.769551078621726,3,2,509,1.361361141152643
LEK,3,3.096910013008056,3.096910013008056,3.096910013008056,1,1,232,0.0
LENLHLPLP,9,4.0655015487564325,4.0655015487564325,4.0655015487564325,4,2,915,0.0
LF,2,3.4571745730408203,3.4571745730408203,3.4571745730408203,2,1,67,0.0
LFLIKH,6,5.072116589669293,5.072116589669293,5.072116589669293,1,1,670,0.0
LFRQ,4,4.769551078621726,4.769551078621726,4.769551078621726,1,1,377,0.0
LFVAAP,6,4.153662887870195,4.153662887870195,4.153662887870195,1,1,671,0.0
LG,2,2.0555173278498318,2.0555173278498318,2.0555173278498318,1,1,68,0.0
LGAVPPRY,8,4.53313237964589,4.53313237964589,4.53313237964589,1,1,849,0.0
LGDARNSPAPP,11,3.779891911959945,3.779891911959945,3.779891911959945,1,1,986,0.0
LGECGGR,7,3.633017024022149,3.633017024022149,3.633017024022149,1,1,779,0.0
LGFPTTKTYFPHF,13,5.308034897232639,5.308034897232639,5.308034897232639,3,1,1015,0.0
LGHWVY,6,5.204119982655925,5.204119982655925,5.204119982655925,1,1,672,0.0
LGI,3,4.537602002101044,4.537602002101044,4.537602002101044,1,1,233,0.0
LGP,3,6.142667503568732,6.142667503568732,6.142667503568732,2,1,234,0.0
LGPLGHQ,7,5.374687549038326,5.374687549038326,5.374687549038326,2,2,780,0.0
LHGPYP,6,4.122628654130226,4.122628654130226,4.122628654130226,1,1,673,0.0
LHLP,4,3.677780705266081,3.677780705266081,3.677780705266081,4,1,378,0.0
LHLPAP,6,5.221848749616356,5.221848749616356,5.376750709602099,3,1,674,0.15490195998574308
LHLPGP,6,5.721246399047171,5.721246399047171,5.721246399047171,2,1,674,0.0
LHLPLL,6,5.455931955649724,5.455931955649724,5.455931955649724,2,1,675,0.0
LHLPLP,6,5.431798275933005,5.259637310505756,5.537602002101044,13,2,472,0.27796469159528847
LHLPLPL,7,3.363813104801276,3.363813104801276,3.3716110699496884,7,2,675,0.007797965148412356
LHLPLR,6,5.7447274948966935,5.7447274948966935,5.7447274948966935,1,1,675,0.0
LHLPYP,6,5.638272163982407,5.638272163982407,5.638272163982407,2,1,673,0.0
LHLWLP,6,5.045757490560675,5.045757490560675,5.045757490560675,2,1,676,0.0
LHLYLP,6,4.723538195826756,4.723538195826756,4.723538195826756,2,1,676,0.0
LHP,3,2.494618336168116,2.494618336168116,2.6763134727417954,3,1,235,0.18169513657367942
LHPGDAQR,8,4.987162775294828,4.987162775294828,4.987162775294828,1,1,850,0.0
LIPPGVPY,8,4.758456089600529,4.756961951313706,4.759950227887352,2,1,851,0.002988276573645976
LIVGFPAYGH,10,3.707389547161679,3.707389547161679,3.707389547161679,2,1,910,0.0
LIVTQ,5,7.045757490560675,7.045757490560675,7.045757490560675,1,1,510,0.0
LIWKL,5,6.327902142064283,6.327902142064283,6.327902142064283,3,2,511,0.0
LIY,3,6.086186147616283,6.086186147616283,6.096910013008056,4,1,236,0.010723865391772947
LIYP,4,5.0,5.0,5.0,6,1,379,0.0
LKA,3,5.070581074285707,5.070581074285707,5.070581074285707,4,1,237,0.0
LKGYGGVSLPEW,12,4.080921907623926,4.080921907623926,4.080921907623926,1,1,1004,0.0
LKIPLY,6,5.254144804826272,5.254144804826272,5.254144804826272,1,1,677,0.0
LKIPVA,6,5.216811308924743,5.216811308924743,5.216811308924743,1,1,678,0.0
LKISQ,5,4.9730583720409705,4.9730583720409705,4.9730583720409705,1,1,512,0.0
LKKISQ,6,5.585026652029182,5.585026652029182,5.585026652029182,2,2,512,0.0
LKL,3,3.72584215073632,3.72584215073632,3.72584215073632,1,1,238,0.0
LKP,3,6.494850021680094,5.795880017344075,6.494850021680094,17,1,239,0.6989700043360187
LKPDM,5,5.013676222949234,5.013676222949234,5.013676222949234,1,1,513,0.0
LKPMN,5,5.314503033242628,5.009217308196862,5.619788758288394,2,1,514,0.6105714500915314
LKPNM,5,5.619788758288394,4.769551078621726,5.619788758288394,14,2,515,0.8502376796666677
LKPTPEGN,8,2.570000775141681,2.570000775141681,2.570000775141681,1,1,852,0.0
LKVGVKQY,8,4.958607314841775,4.958607314841775,4.958607314841775,2,2,853,0.0
LKY,3,5.551792011763438,4.995678626217357,6.107905397309519,6,1,240,1.1122267710921623
LKYAT,5,7.045757490560675,7.045757490560675,7.045757490560675,1,1,516,0.0
LKYPI,5,4.567511744229494,4.567511744229494,4.567511744229494,1,1,517,0.0
LLDPR,5,3.5572694473386286,3.5572694473386286,3.5572694473386286,1,1,518,0.0
LLF,3,4.09799710864927,3.690739967991776,5.455931955649724,8,1,241,1.7651919876579485
LLHSPP,6,3.653647025549361,3.653647025549361,3.653647025549361,1,1,679,0.0
LLLAHLL,7,5.284832642151542,5.284832642151542,5.284832642151542,1,1,781,0.0
LLMLDNDLPP,10,4.447331783887806,4.447331783887806,4.447331783887806,1,1,956,0.0
LLMPK,5,3.1635492862798453,3.1635492862798453,3.1635492862798453,1,1,519,0.0
LLNPPHQIYP,10,5.017728766960431,5.017728766960431,5.017728766960431,2,1,916,0.0
LLP,3,4.2441251443275085,4.2441251443275085,4.2441251443275085,4,1,242,0.0
LLSQTPRY,8,3.97798426018228,3.97798426018228,3.97798426018228,1,1,854,0.0
LLYQEPVLGPVRGPFPIIV,19,1.6777807052660805,1.6777807052660805,1.6777807052660805,1,1,1041,0.0
LLYQQPV,7,2.999565922520681,2.999565922520681,2.999565922520681,3,2,782,0.0
LNENLLRFFVAPFPEVFG,18,3.552841968657781,3.552841968657781,3.552841968657781,1,1,1033,0.0
LNNSRAP,7,3.9775716288145135,3.9775716288145135,3.9775716288145135,3,2,783,0.0
LNP,3,4.366531544420413,4.366531544420413,4.366531544420413,3,1,243,0.0
LNPA,4,3.505845405981557,3.505845405981557,3.505845405981557,2,1,380,0.0
LNPPHQIYP,9,4.6020599913279625,4.6020599913279625,4.6020599913279625,2,1,916,0.0
LNVPGEIVE,9,3.5228787452803374,3.522734004575147,3.5228787452803374,5,2,917,0.0001447407051902161
LNY,3,4.091514981121351,4.091514981121351,4.091514981121351,1,1,244,0.0
LPF,3,4.975104039892515,4.975104039892515,4.975104039892515,1,1,245,0.0
LPG,3,5.24184537803261,5.24184537803261,5.24184537803261,2,1,246,0.0
LPHF,4,3.1739251972991736,3.1739251972991736,3.1739251972991736,2,1,381,0.0
LPILR,5,3.108016769148033,3.108016769148033,3.108016769148033,1,1,520,0.0
LPLP,4,3.1426675035687315,3.1426675035687315,3.153044674980176,7,1,382,0.010377171411444674
LPLPLL,6,4.980468315468745,4.980468315468745,4.980468315468745,1,1,546,0.0
LPP,3,5.017728766960431,5.017728766960431,5.017728766960431,4,1,247,0.0
LPQNILP,7,4.337242168318426,4.337242168318426,4.337242168318426,4,2,692,0.0
LPYPY,5,4.539102157243452,4.539102157243452,4.539102157243452,5,2,521,0.0
LQKW,4,4.459670525209126,4.084072788302884,5.455931955649724,8,1,383,1.37185916734684
LQKY,4,4.200554055639556,4.200554055639556,4.200554055639556,1,1,384,0.0
LQP,3,5.698970004336019,5.468521082957745,5.982966660701219,15,1,248,0.5144455777434747
LQQ,3,4.0,4.0,4.0,3,1,249,0.0
LQQGG,5,5.0655015487564325,5.0655015487564325,5.0655015487564325,1,1,522,0.0
LQSW,4,3.3010299956639813,3.3010299956639813,3.3010299956639813,2,1,385,0.0
LRCNG,5,5.537602002101044,5.537602002101044,5.537602002101044,1,1,523,0.0
LRIPVA,6,6.42021640338319,6.42021640338319,6.42021640338319,6,1,678,0.0
LRKKQ,5,5.619788758288394,5.619788758288394,5.619788758288394,1,1,524,0.0
LRP,3,6.553119118971028,6.0,6.6777807052660805,14,1,250,0.6777807052660805
LRPVAA,6,5.382999658879101,5.382999658879101,5.382999658879101,1,1,680,0.0
LRW,3,6.638272163982407,6.638272163982407,6.638272163982407,1,1,251,0.0
LRY,3,5.292429823902063,5.292429823902063,5.292429823902063,1,1,252,0.0
LSA,3,5.1073489661227,5.1073489661227,5.1073489661227,3,1,253,0.0
LSMGSASLSP,10,5.098152790829522,3.475059182611873,6.721246399047171,2,2,957,3.246187216435298
LSNGK,5,3.884056823060945,3.884056823060945,3.884056823060945,1,1,525,0.0
LSP,3,5.769551078621726,5.769551078621726,5.769551078621726,8,1,254,0.0
LSPA,4,3.5016894462104,3.5016894462104,3.5016894462104,2,1,386,0.0
LTF,3,3.4814860601221125,3.4814860601221125,3.4814860601221125,1,1,255,0.0
LTQTPVVVPPF,11,6.443697499232712,6.443697499232712,6.443697499232712,1,1,987,0.0
LVE,3,4.847711655616943,4.847711655616943,4.847711655616943,1,1,256,0.0
LVL,3,4.910094888560602,4.910094888560602,4.910094888560602,1,1,257,0.0
LVNDLVTPVFDNL,13,2.561897059722872,2.561897059722872,2.561897059722872,1,1,1016,0.0
LVP,3,5.00436480540245,5.00436480540245,5.00436480540245,1,1,258,0.0
LVQGS,5,4.359518563029578,4.359518563029578,4.359518563029578,4,1,526,0.0
LVR,3,4.853871964321762,4.853871964321762,4.853871964321762,1,1,259,0.0
LVRT,4,2.607303046740334,2.607303046740334,3.0,3,1,387,0.3926969532596658
LVRY,4,2.347405081341146,2.347405081341146,2.347405081341146,1,1,388,0.0
LVVYPWTQ,8,4.137868620686962,4.137868620686962,4.137868620686962,1,1,814,0.0
LVY,3,5.7447274948966935,5.7447274948966935,5.7447274948966935,4,1,260,0.0
LVYP,4,3.769551078621726,3.769551078621726,3.769551078621726,3,1,389,0.0
LVYPFP,6,3.87942606879415,3.87942606879415,3.87942606879415,2,2,681,0.0
LVYPFPGP,8,3.7603642646351183,3.740000204918113,3.780728324352124,2,1,855,0.04072811943401122
LVYPFPGPIH,10,4.050609993355087,4.050609993355087,4.050609993355087,1,1,958,0.0
LVYPFPGPIHNSLP,14,4.1487416512809245,4.1487416512809245,4.1487416512809245,1,1,1025,0.0
LVYPFPGPIPN,11,4.554395796726403,4.554395796726403,4.554395796726403,1,1,958,0.0
LVYPFPGPIPNSLP,14,5.2839966563652006,5.2839966563652006,5.2839966563652006,1,1,1025,0.0
LVYPFPGPIPNSLPQN,16,4.1487416512809245,4.1487416512809245,4.1487416512809245,1,1,1025,0.0
LVYPFPGPIPNSLPQNIPP,19,5.275724130399211,5.275724130399211,5.301029995663981,7,2,1042,0.02530586526477041
LVYPFTGPIPN,11,4.554395796726403,1.5543957967264026,4.554395796726403,3,1,988,3.0
LW,2,4.627087997029893,4.301029995663981,5.356547323513812,9,1,69,1.0555173278498309
LY,2,4.414539270491499,3.958607314841775,5.167491087293763,7,1,70,1.2088837724519883
LYHVL,5,4.756961951313706,4.756961951313706,4.756961951313706,1,1,527,0.0
LYP,3,5.180456064458132,5.180456064458132,5.180456064458132,2,1,261,0.0
LYPVK,5,5.346787486224656,5.346787486224656,5.346787486224656,3,2,528,0.0
MA,2,3.8181564120552274,3.8181564120552274,3.8181564120552274,1,1,71,0.0
MAIPPKK,7,3.125331455659686,2.3201180578871377,3.9305448534322345,2,1,784,1.6104267955450968
MAMPLW,6,4.450996737974212,4.450996737974212,4.450996737974212,1,1,682,0.0
MAP,3,6.096910013008056,6.096910013008056,6.096910013008056,1,1,262,0.0
MAW,3,4.787279845582158,2.533513588537556,5.214670164989233,6,1,263,2.6811565764516767
MCESASSK,8,4.119586600122084,4.119586600122084,4.119586600122084,1,1,856,0.0
MDFLI,5,8.0,3.7632850204372295,8.0,4,2,529,4.2367149795627705
MDLA,4,8.0,8.0,8.0,1,1,390,0.0
MEGAQEAQGD,10,4.798602875679548,3.226086213920517,6.953932409831788,7,2,959,3.727846195911271
MF,2,4.349692476868063,2.869788902369688,6.036212172654444,7,1,72,3.1664232702847563
MFDL,4,8.0,8.0,8.0,1,1,391,0.0
MG,2,2.318758762624413,2.318758762624413,2.318758762624413,1,1,73,0.0
MIFPGAGGPEL,11,4.578862741842995,3.090783934999419,7.522878745280337,9,2,989,4.432094810280919
MIFPGGPQL,9,4.651695136951839,4.651695136951839,4.651695136951839,3,2,918,0.0
MILLLFR,7,6.920818753952375,6.920818753952375,6.920818753952375,1,1,785,0.0
MIPAY,5,5.060480747381382,5.060480747381382,5.060480747381382,1,1,530,0.0
MKG,3,4.381832157023046,4.1438755557577,4.619788758288394,4,1,264,0.4759132025306938
MKPWIQPK,8,3.5228787452803374,3.3467874862246565,3.5228787452803374,4,2,857,0.1760912590556809
MKR,3,4.590066876668706,4.590066876668706,4.590066876668706,1,1,265,0.0
MKY,3,5.136677139879544,5.136677139879544,5.136677139879544,1,1,266,0.0
MLLCS,5,4.004935217675512,2.6844310243747245,6.08196966321512,5,1,531,3.3975386388403956
MLPAY,5,5.801342913045577,5.801342913045577,5.801342913045577,4,1,532,0.0
MLPVY,5,5.267606240177032,5.267606240177032,5.267606240177032,1,1,533,0.0
MMEPMVK,7,5.987162775294828,5.987162775294828,5.987162775294828,1,1,786,0.0
MNP,3,4.176525770829699,4.176525770829699,4.176525770829699,2,1,267,0.0
MNPPK,5,3.024338466818941,3.020001176026261,3.024338466818941,8,2,534,0.004337290792680193
MNVKHWPWMK,10,3.642065152999546,3.642065152999546,3.642065152999546,3,2,960,0.0
MP,2,3.868702203402377,3.868702203402377,3.868702203402377,1,1,74,0.0
MPACGS,6,3.7178312216953584,3.7178312216953584,3.7178312216953584,1,1,683,0.0
MPF,3,4.74521031260279,4.74521031260279,4.74521031260279,1,1,268,0.0
MPFLFK,6,4.0343280287798935,4.0343280287798935,4.0343280287798935,1,1,684,0.0
MPFPK,5,3.582827350482225,3.582827350482225,3.582827350482225,1,1,535,0.0
MPFPKYPVEP,10,4.080921907623926,4.080921907623926,4.080921907623926,2,1,961,0.0
MRW,3,6.221848749616356,4.236572006437063,6.221848749616356,6,1,269,1.985276743179293
MRWRD,5,5.6777807052660805,5.6777807052660805,5.679853713888946,6,2,536,0.002073008622865302
MTEEY,5,4.044312249686494,4.044312249686494,4.044312249686494,1,1,537,0.0
MVGSAPGVL,9,5.510041520575165,5.510041520575165,5.510041520575165,2,2,919,0.0
MW,2,5.00436480540245,5.00436480540245,5.00436480540245,4,1,75,0.0
MY,2,3.714442690992226,3.7100099339456807,3.714442690992226,5,1,76,0.0044327570465454436
MYPGIA,6,3.193128420162718,3.193128420162718,3.193128420162718,5,2,685,0.0
MYY,3,5.017728766960431,5.017728766960431,5.017728766960431,4,1,270,0.0
NAQRP,5,4.494850021680094,4.494850021680094,4.494850021680094,1,1,538,0.0
NENLLRFFVAPFPEVFG,17,4.259637310505756,4.259637310505756,4.259637310505756,1,1,1033,0.0
NF,2,4.334419008982047,4.334419008982047,4.334419008982047,5,1,77,0.0
NG,2,1.920818753952375,1.920818753952375,1.920818753952375,1,1,78,0.0
NGGPPT,6,3.512296136836273,3.512296136836273,3.512296136836273,1,1,686,0.0
NGTWFEPP,8,6.200659450546418,6.200659450546418,6.200659450546418,1,1,858,0.0
NHRNRMMDHVH,11,4.872247484167026,4.872247484167026,4.872247484167026,1,1,990,0.0
NIFYCP,6,4.823908740944319,4.823908740944319,4.823908740944319,3,2,687,0.0
NILP,4,3.2518119729938,3.2518119729938,3.2518119729938,4,1,392,0.0
NIPPLTQTPV,10,3.761953896871205,3.761201437286083,3.761953896871205,5,2,962,0.000752459585121823
NIPPLTQTPVVVPPFIQ,17,3.3467874862246565,3.3467874862246565,3.3467874862246565,2,1,1036,0.0
NK,2,3.0915149811213505,3.0915149811213505,3.0915149811213505,1,1,79,0.0
NKL,3,4.055517327849831,4.055517327849831,4.055517327849831,1,1,271,0.0
NLHLP,5,3.3767507096021,3.3767507096021,3.3767507096021,6,2,539,0.0
NLHLPLP,7,4.292429823902063,4.292429823902063,4.292429823902063,4,2,787,0.0
NLHLPLPLL,9,4.823908740944319,4.823908740944319,4.823908740944319,3,2,920,0.0
NMAINPSK,8,4.221848749616356,4.221848749616356,4.221848749616356,4,2,859,0.0
NNVMLQW,7,4.389978975335855,4.389978975335855,4.389978975335855,1,1,788,0.0
NP,2,2.638272163982407,2.638272163982407,2.638272163982407,2,1,80,0.0
NPAVVRP,7,4.721246399047171,4.721246399047171,4.721246399047171,1,1,789,0.0
NPP,3,3.5368538632736506,3.5368538632736506,3.5368538632736506,2,1,272,0.0
NPPHQIYP,8,4.431798275933005,4.431798275933005,4.431798275933005,4,2,795,0.0
NPPSV,5,4.391902053674721,4.391902053674721,4.391902053674721,1,1,540,0.0
NWGPLV,6,4.6777807052660805,4.6777807052660805,4.6777807052660805,5,2,688,0.0
NY,2,4.486782399932061,4.486782399932061,4.486782399932061,5,1,81,0.0
NYVADGLG,8,4.824778199656947,4.824778199656947,4.824778199656947,1,1,860,0.0
PANIKWGD,8,4.6777807052660805,4.506402550999473,4.6777807052660805,4,2,861,0.1713781542666073
PANLPWGSSNV,11,4.7447274948966935,4.7447274948966935,4.7447274948966935,3,2,991,0.0
PAP,3,4.060480747381382,4.060480747381382,4.060480747381382,4,1,273,0.0
PAPPK,5,3.69988298171013,3.69988298171013,3.69988298171013,1,1,541,0.0
PAVVLP,6,4.346787486224656,4.346787486224656,4.346787486224656,6,2,689,0.0
PAVVRP,6,4.7447274948966935,4.7447274948966935,4.7447274948966935,2,1,449,0.0
PDLVF,5,4.071092309756047,4.071092309756047,4.071092309756047,1,1,542,0.0
PDWFLLL,7,5.7544873321858505,5.7544873321858505,5.7544873321858505,1,1,790,0.0
PFFDPQIP,8,3.3872161432802645,3.3872161432802645,3.3872161432802645,2,1,862,0.0
PFP,3,3.8416375079047502,3.8416375079047502,3.8416375079047502,1,1,274,0.0
PFPE,4,3.0,3.0,3.0,1,1,393,0.0
PFPGPIPN,8,4.893129455521346,4.893129455521346,4.893129455521346,1,1,863,0.0
PG,2,1.769551078621726,1.769551078621726,1.769551078621726,1,1,82,0.0
PGL,3,4.856048883576037,4.856048883576037,4.856048883576037,2,1,275,0.0
PGPLGLTGP,9,4.022276394711152,3.0748701972806645,4.022276394711152,7,2,921,0.9474061974304879
PGTAVFK,7,4.576754126063192,4.576754126063192,4.576754126063192,3,2,791,0.0
PGVLPVA,7,6.107905397309519,6.107905397309519,6.107905397309519,1,1,792,0.0
PHQIYP,6,4.522878745280337,4.522878745280337,4.522878745280337,5,2,475,0.0
PKAIP,5,3.4801799342718525,3.2275315969467195,3.7328282715969854,2,2,543,0.5052966746502658
PKDLREN,7,5.00788851221305,5.00788851221305,5.00788851221305,1,1,793,0.0
PKHP,4,3.1492925146254627,3.1492925146254627,3.1492925146254627,1,1,394,0.0
PKIDAMREKVLA,12,3.987162775294828,3.987162775294828,3.987162775294828,1,1,1005,0.0
PL,2,3.4719579083449346,3.4719579083449346,3.4719579083449346,1,1,83,0.0
PLFPK,5,4.384049948343599,4.384049948343599,4.384049948343599,1,1,544,0.0
PLG,3,5.324221658325915,5.324221658325915,5.324221658325915,2,1,276,0.0
PLIYP,5,5.356547323513812,5.356547323513812,5.356547323513812,8,2,545,0.0
PLP,3,3.3665315444204134,3.3665315444204134,3.3665315444204134,5,1,277,0.0
PLPLL,5,4.809755360419249,3.3437865904392874,6.275724130399211,2,2,546,2.9319375399599235
PLW,3,4.443697499232712,4.443697499232712,4.443697499232712,3,1,278,0.0
PNNKPFQ,7,4.481486060122112,4.481486060122112,4.481486060122112,1,1,794,0.0
PNRIKYGD,8,5.3979400086720375,5.3979400086720375,5.3979400086720375,1,1,864,0.0
PNSHP,5,2.999565922520681,2.999565922520681,2.999565922520681,3,2,547,0.0
PPEIN,5,4.915016886418039,3.292431770735033,6.537602002101044,2,2,548,3.2451702313660116
PPFLQPEV,8,5.804100347590766,5.804100347590766,5.804100347590766,1,1,865,0.0
PPHQIYP,7,4.657577319177793,4.657577319177793,4.657577319177793,2,1,795,0.0
PPK,3,2.9997829612603404,2.999565922520681,3.0,2,1,279,0.00043407747931878404
PPPVHL,6,3.958607314841775,3.958607314841775,3.9599913639864575,3,1,690,0.0013840491446823755
PPQSVLSLSQSKVLPVPQ,18,1.6020599913279625,1.6020599913279625,1.6020599913279625,1,1,1040,0.0
PQAFP,5,3.3778614395990787,3.23284413391782,3.5228787452803374,2,2,549,0.2900346113625174
PQEVLP,6,3.0409586076789066,3.0409586076789066,3.096910013008056,6,2,691,0.05595140532914922
PQNILP,6,3.356547323513813,3.356547323513813,3.75121778593145,6,2,692,0.39467046241763715
PQPIP,5,3.468521082957745,3.39040559077478,3.468521082957745,6,2,550,0.07811549218296499
PQPLIYP,7,5.522878745280337,5.522878745280337,5.522878745280337,4,2,796,0.0
PQR,3,3.396855627379818,3.396855627379818,3.396855627379818,1,1,280,0.0
PQTLALP,7,3.958607314841775,3.958607314841775,3.958607314841775,5,2,797,0.0
PR,2,5.3872161432802645,5.3872161432802645,5.3872161432802645,1,1,84,0.0
PRHQG,5,4.684659523372712,4.684659523372712,4.684659523372712,1,1,551,0.0
PRKEKLCTTS,10,3.847711655616944,3.847711655616944,3.847711655616944,1,1,963,0.0
PRVF,4,3.958607314841775,3.958607314841775,3.958607314841775,1,1,395,0.0
PRY,3,5.6020599913279625,5.6020599913279625,5.6020599913279625,1,1,281,0.0
PSFQP,5,4.136677139879544,4.136677139879544,4.136677139879544,6,2,552,0.0
PSFQPQPLIYP,11,5.568636235841012,5.568636235841012,5.568636235841012,4,2,902,0.0
PSGQYY,6,4.0,3.4633153273790698,4.0,3,2,693,0.5366846726209302
PSKIKWGD,8,4.167491087293763,4.167491087293763,4.167491087293763,2,2,866,0.0
PSNPP,5,3.716088473696271,3.716088473696271,3.716088473696271,1,1,553,0.0
PSSNK,5,3.8889058824101785,3.888401475119606,3.889410289700751,2,2,554,0.001008814581145323
PSY,3,4.795880017344075,4.795880017344075,4.795880017344075,3,1,282,0.0
PTHIAW,6,6.4089353929735005,6.4089353929735005,6.4089353929735005,3,1,694,0.0
PTHIDW,6,4.886056647693163,4.886056647693163,4.890084136976206,3,1,694,0.004027489283043195
PTHIKW,6,5.7447274948966935,5.739928612014925,5.7447274948966935,3,1,694,0.004798882881768662
PTHIKWD,7,4.42021640338319,4.42021640338319,4.42021640338319,1,1,798,0.0
PTHIKWG,7,5.119472315911864,5.119186407719209,5.11975822410452,2,1,798,0.0005718163853112301
PTHIKWGD,8,5.823908740944319,5.096910013008056,6.045757490560675,5,2,798,0.9488474775526186
PTHIKWN,7,4.419987887470576,4.419987887470576,4.419987887470576,1,1,798,0.0
PTHVAW,6,5.823908740944319,5.82102305270683,5.823908740944319,3,1,694,0.0028856882374883597
PTPAP,5,4.481486060122112,4.481486060122112,4.481486060122112,2,1,555,0.0
PTPVP,5,3.5910650413211984,3.5910650413211984,3.5910650413211984,5,2,556,0.0
PVEPFTESQ,9,5.804100347590766,5.804100347590766,5.804100347590766,1,1,922,0.0
PVGLVQPASATLYDY,15,4.721246399047171,4.721246399047171,4.721246399047171,1,1,1030,0.0
PVNNPQIH,8,3.684659523372712,3.684659523372712,3.684659523372712,1,1,867,0.0
PVPQP,5,3.958607314841775,3.958607314841775,3.958607314841775,6,2,557,0.0
PVRAVP,6,3.769551078621726,3.769551078621726,3.769551078621726,6,2,695,0.0
PVVVPPFLQPEV,12,5.804100347590766,5.804100347590766,5.804100347590766,1,1,1006,0.0
PYK,3,2.619788758288394,2.619788758288394,2.619788758288394,1,1,283,0.0
PYKW,4,4.764471553092451,4.764471553092451,4.764471553092451,1,1,396,0.0
PYKWLP,6,5.259637310505756,5.259637310505756,5.259637310505756,1,1,614,0.0
PYP,3,3.657577319177794,3.657577319177794,3.657577319177794,4,1,284,0.0
PYVRYL,6,5.619788758288394,5.619788758288394,5.721246399047171,5,1,696,0.1014576407587775
QAFT,4,2.999565922520681,2.999565922520681,2.999565922520681,1,1,397,0.0
QELPG,5,7.698970004336019,7.698970004336019,7.698970004336019,1,1,558,0.0
QG,2,2.130768280269024,2.130768280269024,2.130768280269024,1,1,85,0.0
QGPIGPR,7,4.091032699581612,4.091032699581612,4.091032699581612,1,1,799,0.0
QIGLF,5,4.1249387366083,4.1249387366083,4.1249387366083,1,1,559,0.0
QK,2,3.0530567293021744,3.0530567293021744,3.0530567293021744,1,1,86,0.0
QKTAP,5,4.522878745280337,4.522878745280337,4.522878745280337,2,1,560,0.0
QLADVSPAAFLTQQQLLPFYLHAM,24,3.758378819208576,3.758378819208576,3.758378819208576,1,1,1045,0.0
QLGFLGPR,8,3.8297382846050425,3.115439187522436,3.8297382846050425,7,2,868,0.7142990970826064
QLLKLK,6,3.4654662439948845,3.4654662439948845,3.4654662439948845,2,1,697,0.0
QN,2,4.050609993355087,4.050609993355087,4.050609993355087,1,1,87,0.0
QNALIVRYTR,10,5.337242168318426,5.337242168318426,5.337242168318426,1,1,964,0.0
QNLLRF,6,3.9816613960988,3.9816613960988,3.9816613960988,1,1,626,0.0
QP,2,4.181774106386045,4.181774106386045,4.181774106386045,1,1,88,0.0
QPIP,4,3.065501548756432,3.065501548756432,3.065501548756432,4,1,398,0.0
QPLIYP,6,5.443697499232712,5.443697499232712,5.443697499232712,5,2,545,0.0
QPQAFP,6,3.214670164989233,3.214670164989233,3.214670164989233,1,1,549,0.0
QPQPLIYP,8,5.3979400086720375,5.3979400086720375,5.3979400086720375,4,2,796,0.0
QSEPKAIP,8,3.1249387366083,3.1249387366083,3.1249387366083,1,1,804,0.0
QSLVYP,6,4.3872161432802645,4.3872161432802645,4.3872161432802645,3,2,574,0.0
QSQPQAFP,8,3.154901959985743,3.154901959985743,3.154901959985743,1,1,806,0.0
QSWMHQPHQ,9,4.715343717211484,4.715343717211484,4.715343717211484,1,1,923,0.0
QTQSLVYP,8,4.136677139879544,4.136677139879544,4.136677139879544,2,2,808,0.0
QTQYTDAPSFSDIPNPIGSENSEKTTMPLW,30,0.4609239012072237,0.4609239012072237,0.4609239012072237,1,1,1049,0.0
QVPQPIP,7,3.1804560644581312,3.1804560644581312,3.1804560644581312,4,2,800,0.0
QVSLNSGYY,9,4.6399749108106025,4.6399749108106025,4.6399749108106025,1,1,924,0.0
QVVF,4,3.795880017344075,3.795880017344075,3.795880017344075,1,1,399,0.0
RA,2,3.3372421683184257,3.3372421683184257,3.3372421683184257,1,1,89,0.0
RADFY,5,2.869666231504994,2.869666231504994,2.869666231504994,1,1,561,0.0
RADHP,5,4.46291686394385,4.46291686394385,4.46291686394385,1,1,562,0.0
RALP,4,3.1870866433571443,3.0132282657337552,3.1870866433571443,3,1,400,0.17385837762338907
RASDPLLSV,9,5.327902142064282,5.327902142064282,5.327902142064282,1,1,925,0.0
RDMPIQAF,8,3.704520867321983,3.704520867321983,3.704520867321983,1,1,869,0.0
REKVLASS,8,4.494850021680094,4.494850021680094,4.494850021680094,1,1,870,0.0
RELEEL,6,3.0,3.0,3.0,1,1,698,0.0
RF,2,4.031517051446065,3.4064924106682346,4.031517051446065,4,1,90,0.6250246407778306
RFH,3,3.4814860601221125,3.480172006224281,3.4814860601221125,5,1,285,0.0013140538978313465
RGLSK,5,4.060480747381382,4.060480747381382,4.060480747381382,1,1,563,0.0
RGY,3,4.2083093509798815,4.2083093509798815,4.2083093509798815,1,1,286,0.0
RIGLF,5,3.935729287404743,3.9355420107730814,3.935916564036404,2,2,564,0.00037455326332258565
RINKK,5,4.736600668665998,4.736600668665998,4.736600668665998,1,1,565,0.0
RIY,3,4.552841968657781,4.552841968657781,4.552841968657781,7,1,287,0.0
RL,2,3.1270283692615566,3.1270283692615566,3.1270283692615566,1,1,91,0.0
RLPSEFDLSAFLRA,14,3.54752054816756,3.54752054816756,4.2839966563652006,3,1,1026,0.7364761081976408
RLSGQTIEVTSEYLFRH,17,3.2521416069025952,2.9669785553170893,3.2521416069025952,3,1,1037,0.2851630515855059
RMLGQ,5,3.4500041484693487,3.4500041484693487,3.4500041484693487,1,1,566,0.0
RMLGQTP,7,3.2984320149440727,3.2984320149440727,3.2999976028577462,3,2,801,0.0015655879136735606
RMLGQTPTK,9,4.468521082957745,4.468521082957745,4.468521082957745,3,2,926,0.0
RMLGQTPWK,9,4.468521082957745,4.468521082957745,4.468521082957745,3,2,926,0.0
RMLGQYPYK,9,4.468521082957745,4.468521082957745,4.468521082957745,1,1,927,0.0
RNDDLNYIQ,9,5.429457060118103,5.429457060118103,5.429457060118103,1,1,928,0.0
RP,2,4.6777807052660805,3.740000204918113,4.818156412055227,5,1,92,1.0781562071371145
RPK,3,4.236205260656572,4.037076585565232,4.435333935747911,2,1,288,0.3982573501826794
RPKHPI,6,4.394694953858891,4.389978975335855,4.394694953858891,3,1,699,0.0047159785230359574
RPKHPIKH,8,3.0545104300036523,3.0545104300036523,3.0545104300036523,1,1,871,0.0
RPKHPIKHQ,9,4.872895201635192,4.872895201635192,4.886056647693163,7,2,871,0.013161446057971204
RPQIPP,6,3.779891911959945,3.779891911959945,3.779891911959945,1,1,700,0.0
RPR,3,3.417936637088291,3.417936637088291,3.417936637088291,2,1,289,0.0
RPSYT,5,3.4056074496245734,3.4056074496245734,3.4056074496245734,1,1,567,0.0
RPYL,4,4.247951552180561,4.247951552180561,4.247951552180561,2,1,401,0.0
RR,2,3.573326111978627,3.573326111978627,3.573326111978627,3,1,93,0.0
RS,2,4.211124884224583,4.211124884224583,4.211124884224583,1,1,94,0.0
RSIKGF,6,4.484921324924077,4.484921324924077,4.484921324924077,1,1,701,0.0
RVCLP,5,3.7569619513137056,3.7569619513137056,3.7569619513137056,1,1,568,0.0
RVFDGAV,7,2.9974020192800914,2.9974020192800914,2.9974020192800914,1,1,802,0.0
RVPSL,5,4.698970004336019,4.698970004336019,4.698970004336019,2,2,569,0.0
RVPSLM,6,4.636952405478906,4.636952405478906,4.636952405478906,1,1,569,0.0
RVY,3,3.686976889676762,3.686976889676762,3.686976889676762,4,1,290,0.0
RW,2,4.795880017344075,4.795880017344075,4.795880017344075,2,1,95,0.0
RY,2,4.292429823902063,4.292429823902063,4.978810700930062,4,1,96,0.6863808770279984
RYLGY,5,6.1487416512809245,6.1487416512809245,6.1487416512809245,5,2,570,0.0
SAPLRVY,7,5.096910013008056,5.096910013008056,5.096910013008056,1,1,803,0.0
SAYPGQITSN,10,5.149966742310231,5.149966742310231,5.149966742310231,1,1,965,0.0
SEPKAIP,7,3.3665315444204134,3.3665315444204134,3.3665315444204134,1,1,804,0.0
SF,2,3.885389015767827,3.885389015767827,3.885389015767827,5,1,97,0.0
SFHPYFSY,8,4.082441979174564,4.082441979174564,4.082441979174564,1,1,872,0.0
SFQPQPLIYP,10,5.853871964321762,5.853871964321762,5.853871964321762,4,2,902,0.0
SFYPDY,6,3.9800533183211577,3.9800533183211577,3.9800533183211577,1,1,702,0.0
SG,2,2.070581074285707,2.070581074285707,2.070581074285707,1,1,98,0.0
SGIQSEPKAIP,11,3.1870866433571443,3.1870866433571443,3.1870866433571443,1,1,908,0.0
SGPLRPFF,8,5.804100347590766,5.804100347590766,5.804100347590766,1,1,873,0.0
SHP,3,3.552841968657781,3.552841968657781,3.552841968657781,4,1,291,0.0
SIQSQPQAFP,10,3.2518119729938,3.2518119729938,3.2518119729938,1,1,909,0.0
SKVPP,5,4.129479049987236,4.129479049987236,4.130005999878258,3,1,571,0.0005269498910225323
SKVYP,5,5.853871964321762,2.59673634073023,5.853871964321762,4,2,572,3.2571356235915316
SKVYPFPGPI,10,5.769551078621726,2.8126420835283934,5.769551078621726,3,2,966,2.9569089950933325
SLPQ,4,3.4814860601221125,3.128379684289858,3.4814860601221125,4,1,402,0.35310637583225457
SLPQN,5,5.022733787572707,5.022733787572707,5.022733787572707,1,1,573,0.0
SLVLPVPE,8,4.4089353929735005,4.4089353929735005,4.4089353929735005,3,2,874,0.0
SLVYP,5,4.392578075976151,4.347850394598347,4.3979400086720375,4,2,574,0.05008961407369039
SNIP,4,3.6414940885097646,3.6414940885097646,3.6414940885097646,1,1,403,0.0
SPPPFYL,7,4.199970640755866,4.199970640755866,4.199970640755866,1,1,805,0.0
SPYP,4,3.070581074285707,3.070581074285707,3.070581074285707,2,1,404,0.0
SQPK,4,3.4509967379742124,3.112345549948538,3.4509967379742124,4,1,405,0.3386511880256742
SQPQAFP,7,3.1487416512809245,3.1487416512809245,3.1487416512809245,1,1,806,0.0
SQSKVLPVPQ,10,4.036212172654444,4.036212172654444,4.036212172654444,1,1,967,0.0
SSIQSQPQAFT,11,2.999565922520681,2.999565922520681,2.999565922520681,3,2,992,0.0
ST,2,5.394694953858891,5.394694953858891,5.394694953858891,2,1,99,0.0
STHGVY,6,4.714442690992226,4.714442690992226,4.714442690992226,1,1,703,0.0
STYQT,5,3.5223000716678694,3.5223000716678694,3.5223000716678694,1,1,575,0.0
SVAKL,5,3.050000457140078,3.050000457140078,3.050000457140078,1,1,576,0.0
SVAKLE,6,2.660000322371772,2.660000322371772,2.660000322371772,1,1,576,0.0
SVAKLEK,7,4.086186147616283,4.086186147616283,4.086186147616283,1,1,807,0.0
SWSF,4,4.117475462045119,4.117475462045119,4.117475462045119,1,1,406,0.0
SY,2,4.178486471595226,3.6020599913279625,4.178486471595226,8,1,100,0.5764264802672638
TAP,3,5.455931955649724,5.455931955649724,5.455931955649724,4,1,292,0.0
TDQHQDKIYP,10,3.42021640338319,3.42021640338319,3.42021640338319,5,2,968,0.0
TF,2,4.7447274948966935,3.0915149811213505,4.7447274948966935,7,1,101,1.653212513775343
TFPHGP,6,3.0793549985932125,3.0236639181977933,4.039064022839643,4,2,704,1.0154001046418495
TG,2,2.0043648054024503,2.0043648054024503,2.0043648054024503,1,1,102,0.0
TGAPCR,6,4.620875853929608,4.620875853929608,4.620875853929608,1,1,705,0.0
TGLKP,5,4.287602868593285,4.287602868593285,4.287602868593285,1,1,577,0.0
TGPIPN,6,3.500312917381596,3.2767743743840207,3.500312917381596,4,1,706,0.22353854299757536
TGVY,4,4.739928612014925,4.739928612014925,4.739928612014925,1,1,407,0.0
THDWWKER,8,3.233884716778586,3.233884716778586,3.233884716778586,1,1,767,0.0
THEAGAAP,8,3.843027058103703,3.843027058103703,3.843027058103703,1,1,875,0.0
THEATHEAP,9,6.036212172654444,6.036212172654444,6.036212172654444,1,1,929,0.0
THIKWGD,7,4.301029995663981,4.301029995663981,4.301029995663981,1,1,644,0.0
TKIVP,5,3.397940008672037,3.397940008672037,3.397940008672037,1,1,578,0.0
TKTGRSAHVLSRYRPRA,17,5.552841968657781,5.552841968657781,5.552841968657781,1,1,1038,0.0
TKVIP,5,3.397940008672037,3.397940008672037,3.397940008672037,4,2,579,0.0
TKY,3,5.638272163982407,5.638272163982407,5.638272163982407,1,1,293,0.0
TLKYP,5,3.769551078621726,3.769551078621726,3.769551078621726,1,1,580,0.0
TNGIIR,6,4.154901959985743,4.154901959985743,4.154901959985743,1,1,707,0.0
TNLDWY,6,2.7139928779205253,2.7139928779205253,2.7139928779205253,1,1,708,0.0
TNP,3,3.683191247946978,3.683191247946978,3.683191247946978,2,1,294,0.0
TP,2,3.537602002101044,3.537602002101044,3.537602002101044,3,1,103,0.0
TPLPLAGPPR,10,5.804100347590766,5.804100347590766,5.804100347590766,1,1,969,0.0
TPRVF,5,3.6989700043360183,3.6989700043360183,3.6989700043360183,1,1,581,0.0
TPTQQS,6,4.1351923709738525,4.1351923709738525,4.1351923709738525,1,1,709,0.0
TPVVVPPFLQP,11,3.1255181823005334,3.1255181823005334,3.1255181823005334,5,2,970,0.0
TPWVPPFLQP,10,3.1255181823005334,3.1255181823005334,3.1255181823005334,1,1,970,0.0
TPYPCV,6,5.58838029403677,5.58838029403677,5.58838029403677,1,1,710,0.0
TQSLVYP,7,4.1938200260161125,4.1938200260161125,4.1938200260161125,2,2,808,0.0
TQVY,4,4.739928612014925,4.739928612014925,4.739928612014925,4,1,408,0.0
TSFYPDY,7,4.096910013008056,4.096910013008056,4.096910013008056,1,1,702,0.0
TTENVLFG,8,2.4630252379017903,2.4630252379017903,2.4630252379017903,1,1,876,0.0
TTI,3,4.603103550857476,4.603103550857476,4.603103550857476,1,1,295,0.0
TTMPLW,6,4.795880017344075,3.043145119937288,4.920818753952375,13,2,711,1.8776736340150868
TTN,3,3.172178572317198,3.172178572317198,3.172178572317198,2,1,296,0.0
TVDQHQ,6,3.6381843376822505,3.5381269643854,3.736363931411892,4,1,712,0.19823696702649185
TVPY,4,5.698970004336019,5.698970004336019,5.698970004336019,1,1,409,0.0
TVVPG,5,5.187086643357144,5.187086643357144,5.187086643357144,1,1,582,0.0
TVY,3,4.823908740944319,4.823908740944319,4.823908740944319,5,1,297,0.0
TVYTKGRVMP,10,4.42021640338319,4.42021640338319,4.42021640338319,4,2,971,0.0
TYCQ,4,5.638272163982407,5.638272163982407,5.638272163982407,1,1,410,0.0
TYKEE,5,4.730954290342377,4.730954290342377,4.730954290342377,1,1,583,0.0
TYLGS,5,5.828630791722292,5.59176003468815,6.0655015487564325,2,1,584,0.4737415140682826
VAA,3,4.886056647693163,4.886056647693163,4.886056647693163,3,1,298,0.0
VADVYVGK,8,5.549750891680639,5.549750891680639,5.549750891680639,1,1,877,0.0
VAF,3,4.446116973356125,4.446116973356125,4.446116973356125,2,1,299,0.0
VAGTW,5,3.164895531762908,2.977159389123472,3.272458742971444,4,2,585,0.2952993538479718
VAGTWY,6,2.7741740085381066,2.7741740085381066,2.7741740085381066,6,2,585,0.0
VAHINVGK,8,5.170053304058364,5.170053304058364,5.170053304058364,1,1,878,0.0
VAHINVWK,8,5.459670525209126,5.459670525209126,5.459670525209126,1,1,878,0.0
VAND,4,3.3861581781239307,3.3861581781239307,3.3861581781239307,1,1,411,0.0
VAP,3,5.698970004336019,2.514846171973719,5.698970004336019,13,1,300,3.1841238323622996
VAPEEHPV,8,4.667359589612538,4.667359589612538,4.667359589612538,1,1,879,0.0
VAPFPEVF,8,3.440691989092988,3.440691989092988,3.440691989092988,1,1,880,0.0
VAV,3,3.5850266520291822,3.5850266520291822,3.5850266520291822,3,1,301,0.0
VAW,3,5.543633966870957,5.543633966870957,5.543633966870957,1,1,302,0.0
VAWKL,5,4.495257363728312,4.495257363728312,4.50003813440381,3,1,586,0.00478077067549787
VAY,3,4.795880017344075,4.795880017344075,4.795880017344075,3,1,303,0.0
VCYNQ,5,5.698970004336019,5.698970004336019,5.698970004336019,1,1,587,0.0
VDF,3,5.18111458540599,5.18111458540599,5.18111458540599,1,1,304,0.0
VDSDVVKG,8,4.876148359032914,4.876148359032914,4.876148359032914,1,1,881,0.0
VECYGPNRPQF,11,4.528708288941061,4.528708288941061,4.528708288941061,2,2,993,0.0
VEGY,4,3.8913515837207,2.5015250035993635,3.8914349762671656,3,1,412,1.3899099726678021
VELYP,5,5.282329496997738,5.282329496997738,5.282329496997738,1,1,588,0.0
VENLHLPLPLL,11,3.7569619513137056,3.7569619513137056,3.7569619513137056,2,2,920,0.0
VF,2,4.359518563029578,4.303643611266668,5.036212172654444,9,1,104,0.7325685613877768
VFER,4,3.815876645760329,3.815876645760329,3.815876645760329,1,1,413,0.0
VFK,3,2.987584625237567,2.987584625237567,2.987584625237567,3,1,305,0.0
VFKAF,5,3.999565922520681,3.999565922520681,3.999565922520681,1,1,589,0.0
VFNNNPQE,8,3.529589509024069,3.529589509024069,3.529589509024069,1,1,882,0.0
VFPGCPET,8,3.1338308523662293,3.1338308523662293,3.1338308523662293,1,1,883,0.0
VFPS,4,6.337242168318426,6.337242168318426,6.337242168318426,2,1,414,0.0
VG,2,2.579131390177597,2.1991565631243746,2.958607314841775,4,1,105,0.7594507517174005
VGINYWLAHK,10,3.485452247339714,3.485452247339714,3.485452247339714,2,2,972,0.0
VGINYWLAHKHK,12,3.485452247339714,3.485452247339714,3.485452247339714,1,1,972,0.0
VGLPIF,6,4.45858394449556,4.407126368415955,4.510041520575165,2,1,713,0.10291515215920999
VHIPP,5,5.0,5.0,5.0,5,2,590,0.0
VHLAP,5,5.346787486224656,5.346787486224656,5.346787486224656,4,2,591,0.0
VHLPP,5,4.7447274948966935,4.7447274948966935,4.7447274948966935,5,2,592,0.0
VHLPPP,6,3.6989700043360183,3.6989700043360183,3.6989700043360183,5,2,592,0.0
VHSSIQSQPQAFT,13,2.999565922520681,2.999565922520681,2.999565922520681,2,2,992,0.0
VIEKYP,6,7.0,3.761953896871205,7.0,3,2,714,3.238046103128795
VIEPR,5,3.199282921717615,3.199282921717615,3.199282921717615,1,1,593,0.0
VIF,3,5.1249387366083,5.1249387366083,5.1249387366083,1,1,306,0.0
VIGSPPQIN,9,3.0,3.0,3.0,1,1,930,0.0
VIIF,4,5.060480747381382,2.615215990286906,5.220108088040055,6,1,415,2.604892097753149
VIP,3,5.036212172654444,5.036212172654444,5.036212172654444,2,1,307,0.0
VIPAAY,6,5.31996108151505,5.31996108151505,5.31996108151505,1,1,715,0.0
VIPEL,5,3.097322788865456,3.097322788865456,3.097322788865456,4,2,594,0.0
VIY,3,5.235863111416478,2.8390478070444987,5.346787486224656,6,1,308,2.5077396791801574
VK,2,4.886056647693163,4.886056647693163,4.886056647693163,1,1,106,0.0
VKAGE,5,3.849059446034522,3.849059446034522,3.849059446034522,1,1,595,0.0
VKAGF,5,4.080921907623926,4.080921907623926,4.692503962086787,3,2,596,0.6115820544628612
VKCFR,5,4.462180904926726,4.462180904926726,4.462180904926726,1,1,597,0.0
VKF,3,2.987584625237567,2.987584625237567,2.987584625237567,1,1,309,0.0
VKK,3,3.4984359074685285,2.980883709552927,4.232769901889282,4,1,310,1.2518861923363547
VKKVLGNP,8,4.54515513999149,4.54515513999149,4.54515513999149,5,2,884,0.0
VKP,3,4.832284088911143,3.9782819876112177,5.431798275933005,4,1,311,1.4535162883217874
VL,2,4.886056647693163,4.886056647693163,4.886056647693163,1,1,107,0.0
VLAQYK,6,4.493252143242387,4.492368967244454,4.49413531924032,2,1,716,0.0017663519958661666
VLDTDYK,7,3.024108863598207,3.024108863598207,3.024108863598207,4,2,809,0.0
VLGPVRGPFP,10,3.863279432843593,3.863279432843593,3.863279432843593,2,1,973,0.0
VLIVP,5,5.772113295386326,5.376750709602099,5.772113295386326,8,2,598,0.3953625857842269
VLP,3,3.494850021680094,3.494850021680094,3.494850021680094,4,1,312,0.0
VLPIP,5,4.508638306165727,4.508638306165727,4.508638306165727,6,2,599,0.0
VLPIPQ,6,2.275724130399211,2.275724130399211,2.275724130399211,6,2,599,0.0
VLPYP,5,4.443697499232712,4.443697499232712,4.443697499232712,6,2,600,0.0
VLPYPV,6,3.3767507096021,3.3767507096021,3.3767507096021,6,2,600,0.0
VLSRYP,6,4.435333935747911,4.435333935747911,4.435333935747911,1,1,717,0.0
VMDKPQG,7,4.4089353929735005,4.4089353929735005,4.410050398674292,3,1,810,0.0011150057007913716
VMP,3,4.537602002101044,4.537602002101044,4.537602002101044,5,1,313,0.0
VNP,3,5.1938200260161125,5.1938200260161125,5.1938200260161125,1,1,314,0.0
VP,2,3.2441251443275085,2.649172535973604,3.3767507096021,7,1,108,0.7275781736284963
VPAAPPK,7,6.346787486224656,6.346787486224656,6.346787486224656,1,1,811,0.0
VPFGVG,6,3.473660722610156,3.473660722610156,3.473660722610156,2,1,718,0.0
VPKVK,5,4.028260409112222,4.028260409112222,4.028260409112222,1,1,601,0.0
VPP,3,5.045757490560675,5.039529222465701,5.045757490560675,15,1,315,0.006228268094973899
VPQPIP,6,3.537602002101044,3.537602002101044,3.537602002101044,5,2,550,0.0
VPSERYL,7,3.6179732370313697,3.602929450040591,3.633017024022149,2,2,812,0.030087573981557814
VQKATY,6,5.841637507904751,5.841637507904751,5.841637507904751,1,1,719,0.0
VR,2,4.008773924307505,2.9155015479886246,4.277366077466188,5,1,109,1.3618645294775633
VRF,3,5.886056647693163,5.886056647693163,5.886056647693163,1,1,316,0.0
VRGPFP,6,3.22767829327708,3.22767829327708,3.2964678916718,4,2,720,0.06878959839472021
VRGPFPIIV,9,3.2116163140785536,3.2006594505464183,3.40340290437354,6,2,931,0.20274345382712156
VRK,3,3.154901959985743,3.154901959985743,3.154901959985743,2,1,317,0.0
VRKGQ,5,5.823908740944319,5.823908740944319,5.823908740944319,1,1,602,0.0
VRL,3,3.680685695909488,3.680685695909488,3.680685695909488,1,1,318,0.0
VRP,3,5.657577319177793,5.657577319177793,5.657577319177793,7,1,319,0.0
VRSP,4,2.6950207351920734,2.6950207351920734,2.6950207351920734,2,1,416,0.0
VRYL,4,4.617982957425132,4.617982957425132,4.617982957425132,4,1,417,0.0
VSGAGRY,7,5.063486257521107,5.063486257521107,5.063486257521107,1,1,813,0.0
VSLPEW,6,4.2441251443275085,4.2441251443275085,4.2441251443275085,1,1,721,0.0
VSP,3,5.0,4.661543506395395,5.0,4,1,320,0.33845649360460506
VSRHFASYAN,10,3.677780705266081,3.677780705266081,3.677780705266081,1,1,974,0.0
VSV,3,6.823908740944319,6.823908740944319,6.823908740944319,3,1,321,0.0
VTGRFAGHPAAQ,12,4.563837352959244,4.563837352959244,4.563837352959244,1,1,1007,0.0
VTPALR,6,4.084072788302884,4.084072788302884,4.084072788302884,5,1,722,0.0
VTSTAV,6,4.2839966563652006,4.2839966563652006,4.2839966563652006,4,2,723,0.0
VTVNPYKWLP,10,5.259637310505756,5.259637310505756,5.259637310505756,4,2,975,0.0
VVCVPW,6,5.39040559077478,5.39040559077478,5.39040559077478,1,1,724,0.0
VVGAK,5,5.943095148663527,5.943095148663527,5.943095148663527,1,1,603,0.0
VVPP,4,3.5880269423146767,3.5880269423146767,3.5880269423146767,2,1,418,0.0
VVPPA,5,4.0996328713435295,4.0996328713435295,4.100015437450609,4,2,604,0.00038256610707954053
VVRP,4,4.091514981121351,4.091514981121351,4.091514981121351,3,1,419,0.0
VVVPP,5,3.546070407942272,3.546070407942272,3.546070407942272,1,1,605,0.0
VVVPPF,6,5.928117992693875,5.928117992693875,5.928117992693875,1,1,605,0.0
VVW,3,4.657577319177793,4.657577319177793,4.657577319177793,1,1,322,0.0
VVY,3,4.657577319177793,4.657577319177793,4.657577319177793,3,1,323,0.0
VVYPW,5,6.443697499232712,3.416542230656659,6.443697499232712,4,2,606,3.0271552685760534
VVYPWR,6,5.282329496997738,5.282329496997738,5.282329496997738,1,1,606,0.0
VVYPWT,6,5.220403508742176,5.220403508742176,5.220403508742176,3,1,606,0.0
VVYPWTQ,7,4.137868620686962,4.137868620686962,4.137868620686962,1,1,814,0.0
VVYPWTQRF,9,4.464705879957229,4.180456064458131,7.180456064458131,7,2,932,3.0
VW,2,5.6020599913279625,4.619788758288394,5.958607314841775,26,1,110,1.338818556553381
VWDPPKFD,8,3.551926158556907,0.4390600249153982,5.040958607678906,5,1,885,4.601898582763508
VWIG,4,3.958607314841775,3.958607314841775,3.958607314841775,1,1,420,0.0
VWIS,4,4.522878745280337,4.522878745280337,4.522878745280337,5,1,421,0.0
VWP,3,5.346787486224656,5.346787486224656,5.346787486224656,1,1,324,0.0
VWY,3,5.026872146400302,5.026872146400302,5.026872146400302,3,1,325,0.0
VY,2,4.8714007869303275,2.691779228815496,5.1487416512809245,20,1,111,2.4569624224654287
VYAP,4,5.214670164989233,2.576234852087867,5.214670164989233,5,1,422,2.638435312901366
VYLAELHF,8,3.93666664104825,3.93666664104825,3.93666664104825,1,1,886,0.0
VYLPRM,6,5.634512015109101,5.634512015109101,5.634512015109101,1,1,725,0.0
VYNEGLPAP,9,5.508638306165727,5.508638306165727,5.508638306165727,3,2,933,0.0
VYP,3,3.540607512240769,3.540004743952609,4.356547323513812,8,1,326,0.8165425795612031
VYPFPG,6,3.6556077263148894,3.6556077263148894,3.6556077263148894,9,2,726,0.0
VYPFPGPI,8,3.3010299956639813,3.3010299956639813,3.3010299956639813,2,2,818,0.0
VYPHK,5,5.338187314462739,5.338187314462739,5.338187314462739,1,1,607,0.0
WA,2,3.5570501304221382,3.5570501304221382,3.5570501304221382,3,1,112,0.0
WG,2,2.229147988357856,2.229147988357856,2.229147988357856,1,1,113,0.0
WGHGNPHV,8,4.814457845145625,4.814457845145625,4.814457845145625,1,1,887,0.0
WH,2,5.292429823902063,5.292429823902063,5.292429823902063,1,1,114,0.0
WHHTF,5,4.617982957425132,4.617982957425132,4.617982957425132,1,1,608,0.0
WL,2,4.52432881167557,4.187086643357144,4.52432881167557,5,1,115,0.3372421683184257
WLAHK,5,4.113509274827518,3.753501419204199,4.113509274827518,5,2,609,0.36000785562331883
WLP,3,3.397940008672037,3.397940008672037,3.397940008672037,1,1,327,0.0
WM,2,4.015022873584506,4.015022873584506,4.015022873584506,3,1,116,0.0
WP,2,3.663000235639472,3.663000235639472,3.663000235639472,1,1,117,0.0
WPEAAELMMEVDP,13,4.665546248849069,4.665546248849069,4.665546248849069,4,2,1017,0.0
WPERPPQIP,9,4.6222234694421545,4.604850993614248,4.639595945270061,2,2,934,0.034744951655813594
WQVLPNAVPAK,11,3.4956786262173574,1.9956786262173576,4.995678626217357,2,1,994,2.999999999999999
WSKVVL,6,3.806096597447253,3.806096597447253,3.8100046600356814,3,1,727,0.0039080625884282405
WSVPQPK,7,4.6777807052660805,4.6777807052660805,4.6777807052660805,3,2,815,0.0
WT,2,3.199282921717615,3.199282921717615,3.199282921717615,1,1,118,0.0
WV,2,3.3005959181846625,3.3005959181846625,3.3005959181846625,1,1,119,0.0
WVPSV,5,4.817179571543235,3.202560867153465,6.431798275933005,2,2,610,3.22923740877954
WVPSVY,6,4.590066876668706,4.590066876668706,4.590066876668706,2,1,610,0.0
WY,2,4.416801226031377,4.416801226031377,4.416801226031377,1,1,120,0.0
WYQQVPGSGL,10,4.400116927926312,4.400116927926312,4.400116927926312,1,1,976,0.0
WYS,3,3.3010299956639813,3.3010299956639813,3.3010299956639813,1,1,328,0.0
WYSLA,5,4.060980223551334,4.060980223551334,4.060980223551334,2,2,611,0.0
WYSLAM,6,4.236032391379672,4.2225731776106885,4.249491605148654,2,2,611,0.02691842753796525
WYSLAMA,7,4.2225731776106885,4.2225731776106885,4.2225731776106885,1,1,816,0.0
YA,2,3.3372421683184257,3.3372421683184257,3.3372421683184257,1,1,121,0.0
YAEERYPIL,9,5.327902142064282,5.327902142064282,5.327902142064282,3,1,935,0.0
YAKPVA,6,3.344663962534938,1.8446639625349384,4.844663962534938,2,1,728,2.999999999999999
YALPHA,6,5.008773924307505,4.640733835393252,5.008773924307505,5,2,440,0.36804008891425255
YANPAVVRP,9,5.107905397309519,5.107905397309519,5.107905397309519,3,2,936,0.0
YAP,3,4.831656518945058,4.831656518945058,4.831656518945058,1,1,329,0.0
YDDGSYKPH,9,5.269217724333611,5.269217724333611,5.269217724333611,1,1,937,0.0
YETGNGIK,8,5.432973633840939,5.432973633840939,5.432973633840939,1,1,888,0.0
YG,2,2.8174427221147016,2.817300096663957,2.817585347565446,2,1,122,0.0002852509014887872
YGAP,4,4.7594507517174005,4.7594507517174005,4.7594507517174005,1,1,423,0.0
YGFLP,5,3.5850266520291822,3.5850266520291822,3.6338947075771393,4,2,612,0.048868055547957034
YGFLPILP,8,3.5850266520291822,3.5850266520291822,3.5850266520291822,1,1,889,0.0
YGG,3,2.999565922520681,2.999565922520681,2.999565922520681,1,1,330,0.0
YGGVSLPEW,9,4.795880017344075,4.795880017344075,4.795880017344075,1,1,938,0.0
YGGY,4,5.468521082957745,5.468521082957745,5.468521082957745,3,1,424,0.0
YGL,3,3.388276691992658,3.388276691992658,3.388276691992658,4,1,331,0.0
YGLF,4,3.134896025358872,3.134896025358872,3.134896025358872,3,1,425,0.0
YGLYP,5,3.797866019939181,3.797866019939181,3.797866019939181,1,1,613,0.0
YGNPVGGVGH,10,3.282296219002097,3.282296219002097,3.282296219002097,1,1,977,0.0
YH,2,5.292429823902063,5.292429823902063,5.292429823902063,5,1,123,0.0
YIEAVNKVSPRAGQF,15,5.026872146400302,5.026872146400302,5.026872146400302,1,1,1031,0.0
YINQMPQKSRE,11,4.995678626217357,4.995678626217357,4.995678626217357,1,1,995,0.0
YINQMPQKSREA,12,4.899629454882437,4.899629454882437,4.899629454882437,1,1,995,0.0
YIPIQY,6,5.0,5.0,5.0,5,2,729,0.0
YIPIQYVLSR,10,3.817994345215987,3.758204568704801,3.877784121727173,2,1,978,0.11957955302237178
YK,2,3.214670164989233,3.214670164989233,3.214670164989233,1,1,124,0.0
YKVPQL,6,4.657577319177793,4.657577319177793,4.657577319177793,9,2,730,0.0
YKW,3,4.876148359032914,4.876148359032914,4.876148359032914,1,1,332,0.0
YKWL,4,4.412289034981089,4.412289034981089,4.412289034981089,1,1,426,0.0
YKWLP,5,4.764471553092451,4.764471553092451,4.764471553092451,1,1,614,0.0
YKY,3,4.361510743045363,4.361510743045363,4.361510743045363,1,1,333,0.0
YKYY,4,4.192464971931146,4.192464971931146,4.192464971931146,7,1,427,0.0
YL,2,4.086186147616283,3.913640169325252,4.086186147616283,5,1,125,0.17254597829103124
YLAGNQ,6,4.853871964321762,4.853871964321762,4.853871964321762,6,2,731,0.0
YLGYLE,6,4.066715227651305,4.066715227651305,4.066715227651305,1,1,732,0.0
YLLF,4,3.7644715530924513,3.7644715530924513,3.7644715530924513,4,1,428,0.0
YLYEIA,6,3.3010299956639813,3.2999976028577462,3.3010299956639813,4,2,733,0.0010323928062350163
YLYEIAR,7,4.795880017344075,4.795880017344075,4.795880017344075,3,2,733,0.0
YLYEIARR,8,4.0655015487564325,4.0655015487564325,4.0655015487564325,3,2,890,0.0
YLYSPAY,7,5.0695604052333,5.0695604052333,5.0695604052333,1,1,817,0.0
YN,2,4.292429823902063,4.292429823902063,4.292429823902063,3,1,126,0.0
YNK,3,3.903089986991944,3.903089986991944,3.903089986991944,1,1,334,0.0
YNKL,4,4.6777807052660805,4.6777807052660805,4.6777807052660805,6,1,429,0.0
YP,2,3.1426675035687315,3.1426675035687315,3.1426675035687315,7,1,127,0.0
YPFPGPI,7,3.3010299956639813,3.3010299956639813,3.5239658409215515,3,2,818,0.22293584525757026
YPFPGPIP,8,3.3010299956639813,3.3010299956639813,3.3010299956639813,3,2,818,0.0
YPFPGPIPN,9,4.8297382846050425,4.823908740944319,4.8297382846050425,7,2,863,0.005829543660723857
YPFVEP,6,5.126098402135539,5.126098402135539,5.126098402135539,1,1,734,0.0
YPI,3,4.281368533544392,4.281368533544392,4.281368533544392,1,1,335,0.0
YPK,3,4.5875933086697795,4.587336734507256,4.587849882832302,2,1,336,0.0005131483250453428
YPLDL,5,4.292429823902063,4.292429823902063,4.292429823902063,3,2,615,0.0
YPLDLF,6,4.61261017366127,4.61261017366127,4.61261017366127,3,2,615,0.0
YPR,3,4.782516055786093,4.782516055786093,4.782516055786093,1,1,337,0.0
YPRY,4,4.7594507517174005,4.7594507517174005,4.7594507517174005,1,1,430,0.0
YPSFQPQPLIYP,12,5.318758762624412,5.318758762624412,5.318758762624412,4,2,1008,0.0
YPYY,4,4.041436116778033,4.041436116778033,4.041436116778033,1,1,431,0.0
YQEPVL,6,3.552841968657781,3.552841968657781,5.088842391260023,3,2,735,1.5360004226022421
YQEPVLGPVRG,11,3.385102783966865,3.385102783966865,3.385102783966865,1,1,979,0.0
YQEPVLQPVR,10,3.5228787452803374,3.5228787452803374,3.5228787452803374,3,2,979,0.0
YQKFPQY,7,4.697236291527018,4.008336042526528,4.697236291527018,6,2,819,0.6889002490004899
YQNPRLGPTGELDPATQPIVAVHNPVIV,28,4.837734385701978,4.837734385701978,4.837734385701978,1,1,1048,0.0
YQQPVL,6,3.552841968657781,3.552841968657781,3.552841968657781,5,2,735,0.0
YQQPVLGPVR,10,3.5228787452803374,3.5228787452803374,3.5228787452803374,2,2,980,0.0
YQY,3,5.3979400086720375,5.3979400086720375,5.3979400086720375,3,1,338,0.0
YRPY,4,3.494850021680094,3.494850021680094,3.494850021680094,4,1,432,0.0
YS,2,3.385102783966865,3.385102783966865,3.385102783966865,1,1,128,0.0
YSQQQQ,6,3.065501548756432,3.065501548756432,3.065501548756432,4,2,736,0.0
YTFPFH,6,4.617622696531886,4.617622696531886,4.617622696531886,1,1,737,0.0
YVP,3,3.6989700043360183,3.6989700043360183,3.6989700043360183,4,1,339,0.0
YVPHWDL,7,6.769551078621726,6.769551078621726,6.769551078621726,1,1,820,0.0
YVPHWNL,7,6.853871964321762,6.853871964321762,6.853871964321762,1,1,820,0.0
YVVFK,5,4.356547323513812,4.356547323513812,4.356547323513812,1,1,616,0.0
YW,2,4.978810700930062,4.360513510731414,5.086186147616283,9,1,129,0.7256726368848696
YYAKPAAVR,9,4.310868802765502,4.310868802765502,4.310868802765502,1,1,939,0.0
YYAPF,5,4.580044251510242,4.578396073130169,4.609064892896621,3,2,617,0.030668819766451527
YYAPFDGIL,9,4.080921907623926,4.079981083971085,4.080921907623926,3,2,940,0.000940823652840983
YYAPFE,6,4.156631740374895,4.156631740374895,4.156631740374895,1,1,617,0.0
YYPQIMQY,8,4.609948503541013,4.609948503541013,4.609948503541013,1,1,891,0.0
YYRA,4,4.226915314939932,4.226915314939932,4.226915314939932,1,1,433,0.0
