model,fold,n_train,n_test,roc_auc,pr_auc,balanced_accuracy,f1,mcc
length_only_logistic,1,1433,359,0.476536312849162,0.47941892873994446,0.46511483550589694,0.4514285714285714,-0.0698484155587987
length_only_logistic,2,1433,359,0.4902545003103662,0.4954917685088909,0.49581005586592175,0.4986149584487535,-0.008380148363699984
length_only_logistic,3,1435,357,0.47277320946582135,0.47698371790471955,0.4678614022974076,0.4540229885057471,-0.06436816948059886
length_only_logistic,4,1433,359,0.4971756672873992,0.4975722043503431,0.5014121663563005,0.5041551246537396,0.002824595722585385
length_only_logistic,5,1434,358,0.4663243968665148,0.48863685189372785,0.43575418994413406,0.47668393782383417,-0.13009307812942666
sequence_logistic,1,1433,359,0.6826815642458101,0.6399958959899299,0.6407355679702049,0.6485013623978202,0.28178615689623904
sequence_logistic,2,1433,359,0.7016449410304159,0.6953365427298117,0.6629422718808193,0.6648199445983379,0.3258946585883327
sequence_logistic,3,1435,357,0.6810306948716339,0.6520471077300074,0.6611166907287678,0.6552706552706553,0.32244597320905416
sequence_logistic,4,1433,359,0.6881440099317194,0.6789269775174704,0.6489602731222843,0.64,0.2982539772904398
sequence_logistic,5,1434,358,0.6567834961455635,0.6074710557630782,0.6312849162011174,0.6507936507936508,0.2642243009472953
sequence_extra_trees,1,1433,359,0.7800434512725015,0.7910260428969046,0.6964152700186219,0.699724517906336,0.392952518161605
sequence_extra_trees,2,1433,359,0.7649906890130354,0.756157188927831,0.6795158286778398,0.6965699208443272,0.3611677656001727
sequence_extra_trees,3,1435,357,0.771483271608813,0.7720132432229683,0.7003326847027807,0.6951566951566952,0.4009297062420167
sequence_extra_trees,4,1433,359,0.7638423339540658,0.7639245685597074,0.6824487895716946,0.6815642458100558,0.3648975791433892
sequence_extra_trees,5,1434,358,0.759183546081583,0.7399430689113955,0.6675977653631284,0.673972602739726,0.3354521307623612
