model,fold,n_train,n_test,mae_pIC50,rmse_pIC50,r2,spearman
sequence_ridge,1,941,235,1.1678363779575156,1.9053393992982375,-3.22906615518448,0.28820199759641435
sequence_ridge,2,941,235,1.0284958937430255,1.5015379240451374,-1.1698802211383756,0.30615041562288525
sequence_ridge,3,940,236,1.0583098896533112,1.5559495130366499,-1.6562521928757175,0.17120164483401956
sequence_ridge,4,941,235,0.9691768578587409,1.368534579133778,-0.764277470017549,0.23622184126958867
sequence_ridge,5,941,235,1.1332474951790152,1.6519406970769557,-1.363784387791453,0.19699023244266756
sequence_extra_trees,1,941,235,0.6724970003666594,0.8278411396142763,0.2016491490407204,0.4471923795756779
sequence_extra_trees,2,941,235,0.7033539705832899,0.886766939042707,0.2431982349339431,0.48381937995082663
sequence_extra_trees,3,940,236,0.7152370471543023,0.8864688029524864,0.13780556286373002,0.36894759934472354
sequence_extra_trees,4,941,235,0.7265300539774715,0.9221733858900637,0.1989114838964955,0.4332581570702189
sequence_extra_trees,5,941,235,0.7643318628066482,0.9914693929493713,0.14851386889437457,0.38492189626654927
