protein_id,sequence,start,end,stage,enzymes,length,known_ace_positive_exact_match,measured_median_pIC50,ace_probability_exploratory,measured_median_IC50_uM,classifier_in_scope,ace_prediction_positive,ace_supported,predicted_pIC50_exploratory,predicted_IC50_uM_exploratory,regression_in_scope,ace_assessment_status,systemic_size_category,systemic_size_priority,evidence_tier,activity_sort_value,priority_rank,target_stage_occurrences
sp|P02863|GDA0_WHEAT Alpha/beta-gliadin OS=Triticum aestivum,VRFPVPQL,21,28,gastric,pepsin_ph_gt_2,8,False,,0.6984695819802839,,True,True,True,4.425447339654409,37.54504769321958,True,predicted_ACE_candidate,preferred_screening_window,0,3,4.425447339654409,,
sp|P02863|GDA0_WHEAT Alpha/beta-gliadin OS=Triticum aestivum,QPQNPSQQQPQEQVPL,29,44,gastric,pepsin_ph_gt_2,16,False,,0.34551222267172305,,True,False,False,,,False,ACE_classification_negative,limited_intact_absorption_expected,2,4,,,
sp|P02863|GDA0_WHEAT Alpha/beta-gliadin OS=Triticum aestivum,VQQQQF,45,50,gastric,pepsin_ph_gt_2,6,False,,0.3156604123696122,,True,False,False,,,False,ACE_classification_negative,preferred_screening_window,0,4,,,
sp|P02863|GDA0_WHEAT Alpha/beta-gliadin OS=Triticum aestivum,L,51,51,gastric,pepsin_ph_gt_2,1,False,,,,False,False,False,,,False,ACE_assay_required,too_small_for_peptide_model,3,5,,,
sp|P02863|GDA0_WHEAT Alpha/beta-gliadin OS=Triticum aestivum,GQQQPFPPQQPYPQPQPFPSQLPY,52,75,gastric,pepsin_ph_gt_2,24,False,,,,False,False,False,,,False,ACE_assay_required,limited_intact_absorption_expected,2,5,,,
sp|P02863|GDA0_WHEAT Alpha/beta-gliadin OS=Triticum aestivum,L,76,76,gastric,pepsin_ph_gt_2,1,False,,,,False,False,False,,,False,ACE_assay_required,too_small_for_peptide_model,3,5,,,
sp|P02863|GDA0_WHEAT Alpha/beta-gliadin OS=Triticum aestivum,QL,77,78,gastric,pepsin_ph_gt_2,2,False,,,,False,False,False,,,False,ACE_assay_required,small_possible,1,5,,,
sp|P02863|GDA0_WHEAT Alpha/beta-gliadin OS=Triticum aestivum,QPFPQPQLPY,79,88,gastric,pepsin_ph_gt_2,10,False,,0.22132978741677398,,True,False,False,,,False,ACE_classification_negative,preferred_screening_window,0,4,,,
sp|P02863|GDA0_WHEAT Alpha/beta-gliadin OS=Triticum aestivum,SQPQPF,89,94,gastric,pepsin_ph_gt_2,6,False,,0.26597151416463527,,True,False,False,,,False,ACE_classification_negative,preferred_screening_window,0,4,,,
sp|P02863|GDA0_WHEAT Alpha/beta-gliadin OS=Triticum aestivum,RPQQPYPQPQPQY,95,107,gastric,pepsin_ph_gt_2,13,False,,0.28234924244594384,,True,False,False,,,False,ACE_classification_negative,limited_intact_absorption_expected,2,4,,,
sp|P02863|GDA0_WHEAT Alpha/beta-gliadin OS=Triticum aestivum,SQPQQPISQQQQQQQQQQQQQQQQQQIL,108,135,gastric,pepsin_ph_gt_2,28,False,,,,False,False,False,,,False,ACE_assay_required,limited_intact_absorption_expected,2,5,,,
sp|P02863|GDA0_WHEAT Alpha/beta-gliadin OS=Triticum aestivum,QQIL,136,139,gastric,pepsin_ph_gt_2,4,False,,,,False,False,False,,,False,ACE_assay_required,preferred_screening_window,0,5,,,
sp|P02863|GDA0_WHEAT Alpha/beta-gliadin OS=Triticum aestivum,QQQL,140,143,gastric,pepsin_ph_gt_2,4,False,,,,False,False,False,,,False,ACE_assay_required,preferred_screening_window,0,5,,,
sp|P02863|GDA0_WHEAT Alpha/beta-gliadin OS=Triticum aestivum,IPCMDVVL,144,151,gastric,pepsin_ph_gt_2,8,False,,0.5828638367422823,,True,True,True,4.613131359657188,24.370735730613756,True,predicted_ACE_candidate,preferred_screening_window,0,3,4.613131359657188,,
sp|P02863|GDA0_WHEAT Alpha/beta-gliadin OS=Triticum aestivum,QQHNIAHGRSQVL,152,164,gastric,pepsin_ph_gt_2,13,False,,0.33289067302720426,,True,False,False,,,False,ACE_classification_negative,limited_intact_absorption_expected,2,4,,,
sp|P02863|GDA0_WHEAT Alpha/beta-gliadin OS=Triticum aestivum,QQSTY,165,169,gastric,pepsin_ph_gt_2,5,False,,0.3575676288064738,,True,False,False,,,False,ACE_classification_negative,preferred_screening_window,0,4,,,
sp|P02863|GDA0_WHEAT Alpha/beta-gliadin OS=Triticum aestivum,QL,170,171,gastric,pepsin_ph_gt_2,2,False,,,,False,False,False,,,False,ACE_assay_required,small_possible,1,5,,,
sp|P02863|GDA0_WHEAT Alpha/beta-gliadin OS=Triticum aestivum,L,172,172,gastric,pepsin_ph_gt_2,1,False,,,,False,False,False,,,False,ACE_assay_required,too_small_for_peptide_model,3,5,,,
sp|P02863|GDA0_WHEAT Alpha/beta-gliadin OS=Triticum aestivum,QEL,173,175,gastric,pepsin_ph_gt_2,3,False,,,,False,False,False,,,False,ACE_assay_required,small_possible,1,5,,,
sp|P02863|GDA0_WHEAT Alpha/beta-gliadin OS=Triticum aestivum,CCQHL,176,180,gastric,pepsin_ph_gt_2,5,False,,0.5088420047401024,,True,True,True,4.230229848180869,58.85320952512863,True,predicted_ACE_candidate,preferred_screening_window,0,3,4.230229848180869,,
sp|P02863|GDA0_WHEAT Alpha/beta-gliadin OS=Triticum aestivum,W,181,181,gastric,pepsin_ph_gt_2,1,False,,,,False,False,False,,,False,ACE_assay_required,too_small_for_peptide_model,3,5,,,
sp|P02863|GDA0_WHEAT Alpha/beta-gliadin OS=Triticum aestivum,QIPEQSQCQAIHNVVHAIIL,182,201,gastric,pepsin_ph_gt_2,20,False,,,,False,False,False,,,False,ACE_assay_required,limited_intact_absorption_expected,2,5,,,
sp|P02863|GDA0_WHEAT Alpha/beta-gliadin OS=Triticum aestivum,HQQQKQQQQPSSQVSF,202,217,gastric,pepsin_ph_gt_2,16,False,,0.38903410069756444,,True,False,False,,,False,ACE_classification_negative,limited_intact_absorption_expected,2,4,,,
sp|P02863|GDA0_WHEAT Alpha/beta-gliadin OS=Triticum aestivum,QQPL,218,221,gastric,pepsin_ph_gt_2,4,False,,,,False,False,False,,,False,ACE_assay_required,preferred_screening_window,0,5,,,
sp|P02863|GDA0_WHEAT Alpha/beta-gliadin OS=Triticum aestivum,QQYPL,222,226,gastric,pepsin_ph_gt_2,5,False,,0.2446676038037597,,True,False,False,,,False,ACE_classification_negative,preferred_screening_window,0,4,,,
sp|P02863|GDA0_WHEAT Alpha/beta-gliadin OS=Triticum aestivum,GQGSF,227,231,gastric,pepsin_ph_gt_2,5,False,,0.45346158981839424,,True,False,False,,,False,ACE_classification_negative,preferred_screening_window,0,4,,,
sp|P02863|GDA0_WHEAT Alpha/beta-gliadin OS=Triticum aestivum,RPSQQNPQAQGSVQPQQLPQF,232,252,gastric,pepsin_ph_gt_2,21,False,,,,False,False,False,,,False,ACE_assay_required,limited_intact_absorption_expected,2,5,,,
sp|P02863|GDA0_WHEAT Alpha/beta-gliadin OS=Triticum aestivum,EEIRNL,253,258,gastric,pepsin_ph_gt_2,6,False,,0.5504104976276163,,True,True,True,4.18805861282111,64.85468990981698,True,predicted_ACE_candidate,preferred_screening_window,0,3,4.18805861282111,,
sp|P02863|GDA0_WHEAT Alpha/beta-gliadin OS=Triticum aestivum,AL,259,260,gastric,pepsin_ph_gt_2,2,True,,,,False,False,True,,,False,known_ACE_without_measured_IC50,small_possible,1,2,,,
sp|P02863|GDA0_WHEAT Alpha/beta-gliadin OS=Triticum aestivum,QTLPAMCNVY,261,270,gastric,pepsin_ph_gt_2,10,False,,0.5719466307724828,,True,True,True,4.39763172628807,40.02840393689404,True,predicted_ACE_candidate,preferred_screening_window,0,3,4.39763172628807,,
sp|P02863|GDA0_WHEAT Alpha/beta-gliadin OS=Triticum aestivum,IPPY,271,274,gastric,pepsin_ph_gt_2,4,False,,,,False,False,False,,,False,ACE_assay_required,preferred_screening_window,0,5,,,
sp|P02863|GDA0_WHEAT Alpha/beta-gliadin OS=Triticum aestivum,CTIAPF,275,280,gastric,pepsin_ph_gt_2,6,False,,0.5082786075736024,,True,True,True,4.395520758047959,40.22344298710647,True,predicted_ACE_candidate,preferred_screening_window,0,3,4.395520758047959,,
sp|P02863|GDA0_WHEAT Alpha/beta-gliadin OS=Triticum aestivum,GIF,281,283,gastric,pepsin_ph_gt_2,3,False,,,,False,False,False,,,False,ACE_assay_required,small_possible,1,5,,,
sp|P02863|GDA0_WHEAT Alpha/beta-gliadin OS=Triticum aestivum,GTN,284,286,gastric,pepsin_ph_gt_2,3,False,,,,False,False,False,,,False,ACE_assay_required,small_possible,1,5,,,
sp|P02863|GDA0_WHEAT Alpha/beta-gliadin OS=Triticum aestivum,VR,21,22,intestinal,trypsin+chymotrypsin_high_specificity,2,True,4.008773924307505,,98.00000000000006,False,False,True,,,False,known_ACE_with_measured_potency,small_possible,1,1,4.008773924307505,1.0,1.0
sp|P02863|GDA0_WHEAT Alpha/beta-gliadin OS=Triticum aestivum,FPVPQL,23,28,intestinal,trypsin+chymotrypsin_high_specificity,6,False,,0.6081224806191791,,True,True,True,4.310212431734205,48.9539306489127,True,predicted_ACE_candidate,preferred_screening_window,0,3,4.310212431734205,6.0,1.0
sp|P02863|GDA0_WHEAT Alpha/beta-gliadin OS=Triticum aestivum,QPQNPSQQQPQEQVPL,29,44,intestinal,trypsin+chymotrypsin_high_specificity,16,False,,0.34551222267172305,,True,False,False,,,False,ACE_classification_negative,limited_intact_absorption_expected,2,4,,17.0,1.0
sp|P02863|GDA0_WHEAT Alpha/beta-gliadin OS=Triticum aestivum,VQQQQF,45,50,intestinal,trypsin+chymotrypsin_high_specificity,6,False,,0.3156604123696122,,True,False,False,,,False,ACE_classification_negative,preferred_screening_window,0,4,,13.0,1.0
sp|P02863|GDA0_WHEAT Alpha/beta-gliadin OS=Triticum aestivum,L,51,51,intestinal,trypsin+chymotrypsin_high_specificity,1,False,,,,False,False,False,,,False,ACE_assay_required,too_small_for_peptide_model,3,5,,34.0,3.0
sp|P02863|GDA0_WHEAT Alpha/beta-gliadin OS=Triticum aestivum,GQQQPFPPQQPYPQPQPFPSQLPY,52,75,intestinal,trypsin+chymotrypsin_high_specificity,24,False,,,,False,False,False,,,False,ACE_assay_required,limited_intact_absorption_expected,2,5,,32.0,1.0
sp|P02863|GDA0_WHEAT Alpha/beta-gliadin OS=Triticum aestivum,L,76,76,intestinal,trypsin+chymotrypsin_high_specificity,1,False,,,,False,False,False,,,False,ACE_assay_required,too_small_for_peptide_model,3,5,,34.0,3.0
sp|P02863|GDA0_WHEAT Alpha/beta-gliadin OS=Triticum aestivum,QL,77,78,intestinal,trypsin+chymotrypsin_high_specificity,2,False,,,,False,False,False,,,False,ACE_assay_required,small_possible,1,5,,25.0,2.0
sp|P02863|GDA0_WHEAT Alpha/beta-gliadin OS=Triticum aestivum,QPFPQPQLPY,79,88,intestinal,trypsin+chymotrypsin_high_specificity,10,False,,0.22132978741677398,,True,False,False,,,False,ACE_classification_negative,preferred_screening_window,0,4,,16.0,1.0
sp|P02863|GDA0_WHEAT Alpha/beta-gliadin OS=Triticum aestivum,SQPQPF,89,94,intestinal,trypsin+chymotrypsin_high_specificity,6,False,,0.26597151416463527,,True,False,False,,,False,ACE_classification_negative,preferred_screening_window,0,4,,14.0,1.0
sp|P02863|GDA0_WHEAT Alpha/beta-gliadin OS=Triticum aestivum,RPQQPYPQPQPQY,95,107,intestinal,trypsin+chymotrypsin_high_specificity,13,False,,0.28234924244594384,,True,False,False,,,False,ACE_classification_negative,limited_intact_absorption_expected,2,4,,18.0,1.0
sp|P02863|GDA0_WHEAT Alpha/beta-gliadin OS=Triticum aestivum,SQPQQPISQQQQQQQQQQQQQQQQQQIL,108,135,intestinal,trypsin+chymotrypsin_high_specificity,28,False,,,,False,False,False,,,False,ACE_assay_required,limited_intact_absorption_expected,2,5,,33.0,1.0
sp|P02863|GDA0_WHEAT Alpha/beta-gliadin OS=Triticum aestivum,QQIL,136,139,intestinal,trypsin+chymotrypsin_high_specificity,4,False,,,,False,False,False,,,False,ACE_assay_required,preferred_screening_window,0,5,,19.0,1.0
sp|P02863|GDA0_WHEAT Alpha/beta-gliadin OS=Triticum aestivum,QQQL,140,143,intestinal,trypsin+chymotrypsin_high_specificity,4,False,,,,False,False,False,,,False,ACE_assay_required,preferred_screening_window,0,5,,20.0,1.0
sp|P02863|GDA0_WHEAT Alpha/beta-gliadin OS=Triticum aestivum,IPCMDVVL,144,151,intestinal,trypsin+chymotrypsin_high_specificity,8,False,,0.5828638367422823,,True,True,True,4.613131359657188,24.370735730613756,True,predicted_ACE_candidate,preferred_screening_window,0,3,4.613131359657188,3.0,1.0
sp|P02863|GDA0_WHEAT Alpha/beta-gliadin OS=Triticum aestivum,QQHNIAHGR,152,160,intestinal,trypsin+chymotrypsin_high_specificity,9,False,,0.35329047037140404,,True,False,False,,,False,ACE_classification_negative,preferred_screening_window,0,4,,10.0,1.0
sp|P02863|GDA0_WHEAT Alpha/beta-gliadin OS=Triticum aestivum,SQVL,161,164,intestinal,trypsin+chymotrypsin_high_specificity,4,False,,,,False,False,False,,,False,ACE_assay_required,preferred_screening_window,0,5,,21.0,1.0
sp|P02863|GDA0_WHEAT Alpha/beta-gliadin OS=Triticum aestivum,QQSTY,165,169,intestinal,trypsin+chymotrypsin_high_specificity,5,False,,0.3575676288064738,,True,False,False,,,False,ACE_classification_negative,preferred_screening_window,0,4,,9.0,1.0
sp|P02863|GDA0_WHEAT Alpha/beta-gliadin OS=Triticum aestivum,QL,170,171,intestinal,trypsin+chymotrypsin_high_specificity,2,False,,,,False,False,False,,,False,ACE_assay_required,small_possible,1,5,,25.0,2.0
sp|P02863|GDA0_WHEAT Alpha/beta-gliadin OS=Triticum aestivum,L,172,172,intestinal,trypsin+chymotrypsin_high_specificity,1,False,,,,False,False,False,,,False,ACE_assay_required,too_small_for_peptide_model,3,5,,34.0,3.0
sp|P02863|GDA0_WHEAT Alpha/beta-gliadin OS=Triticum aestivum,QEL,173,175,intestinal,trypsin+chymotrypsin_high_specificity,3,False,,,,False,False,False,,,False,ACE_assay_required,small_possible,1,5,,27.0,1.0
sp|P02863|GDA0_WHEAT Alpha/beta-gliadin OS=Triticum aestivum,CCQHL,176,180,intestinal,trypsin+chymotrypsin_high_specificity,5,False,,0.5088420047401024,,True,True,True,4.230229848180869,58.85320952512863,True,predicted_ACE_candidate,preferred_screening_window,0,3,4.230229848180869,7.0,1.0
sp|P02863|GDA0_WHEAT Alpha/beta-gliadin OS=Triticum aestivum,W,181,181,intestinal,trypsin+chymotrypsin_high_specificity,1,False,,,,False,False,False,,,False,ACE_assay_required,too_small_for_peptide_model,3,5,,35.0,1.0
sp|P02863|GDA0_WHEAT Alpha/beta-gliadin OS=Triticum aestivum,QIPEQSQCQAIHNVVHAIIL,182,201,intestinal,trypsin+chymotrypsin_high_specificity,20,False,,,,False,False,False,,,False,ACE_assay_required,limited_intact_absorption_expected,2,5,,30.0,1.0
sp|P02863|GDA0_WHEAT Alpha/beta-gliadin OS=Triticum aestivum,HQQQK,202,206,intestinal,trypsin+chymotrypsin_high_specificity,5,False,,0.332697048538549,,True,False,False,,,False,ACE_classification_negative,preferred_screening_window,0,4,,11.0,1.0
sp|P02863|GDA0_WHEAT Alpha/beta-gliadin OS=Triticum aestivum,QQQQPSSQVSF,207,217,intestinal,trypsin+chymotrypsin_high_specificity,11,False,,0.32241520164757403,,True,False,False,,,False,ACE_classification_negative,preferred_screening_window,0,4,,12.0,1.0
sp|P02863|GDA0_WHEAT Alpha/beta-gliadin OS=Triticum aestivum,QQPL,218,221,intestinal,trypsin+chymotrypsin_high_specificity,4,False,,,,False,False,False,,,False,ACE_assay_required,preferred_screening_window,0,5,,22.0,1.0
sp|P02863|GDA0_WHEAT Alpha/beta-gliadin OS=Triticum aestivum,QQYPL,222,226,intestinal,trypsin+chymotrypsin_high_specificity,5,False,,0.2446676038037597,,True,False,False,,,False,ACE_classification_negative,preferred_screening_window,0,4,,15.0,1.0
sp|P02863|GDA0_WHEAT Alpha/beta-gliadin OS=Triticum aestivum,GQGSF,227,231,intestinal,trypsin+chymotrypsin_high_specificity,5,False,,0.45346158981839424,,True,False,False,,,False,ACE_classification_negative,preferred_screening_window,0,4,,8.0,1.0
sp|P02863|GDA0_WHEAT Alpha/beta-gliadin OS=Triticum aestivum,RPSQQNPQAQGSVQPQQLPQF,232,252,intestinal,trypsin+chymotrypsin_high_specificity,21,False,,,,False,False,False,,,False,ACE_assay_required,limited_intact_absorption_expected,2,5,,31.0,1.0
sp|P02863|GDA0_WHEAT Alpha/beta-gliadin OS=Triticum aestivum,EEIR,253,256,intestinal,trypsin+chymotrypsin_high_specificity,4,False,,,,False,False,False,,,False,ACE_assay_required,preferred_screening_window,0,5,,23.0,1.0
sp|P02863|GDA0_WHEAT Alpha/beta-gliadin OS=Triticum aestivum,NL,257,258,intestinal,trypsin+chymotrypsin_high_specificity,2,False,,,,False,False,False,,,False,ACE_assay_required,small_possible,1,5,,26.0,1.0
sp|P02863|GDA0_WHEAT Alpha/beta-gliadin OS=Triticum aestivum,AL,259,260,intestinal,trypsin+chymotrypsin_high_specificity,2,True,,,,False,False,True,,,False,known_ACE_without_measured_IC50,small_possible,1,2,,2.0,1.0
sp|P02863|GDA0_WHEAT Alpha/beta-gliadin OS=Triticum aestivum,QTLPAMCNVY,261,270,intestinal,trypsin+chymotrypsin_high_specificity,10,False,,0.5719466307724828,,True,True,True,4.39763172628807,40.02840393689404,True,predicted_ACE_candidate,preferred_screening_window,0,3,4.39763172628807,4.0,1.0
sp|P02863|GDA0_WHEAT Alpha/beta-gliadin OS=Triticum aestivum,IPPY,271,274,intestinal,trypsin+chymotrypsin_high_specificity,4,False,,,,False,False,False,,,False,ACE_assay_required,preferred_screening_window,0,5,,24.0,1.0
sp|P02863|GDA0_WHEAT Alpha/beta-gliadin OS=Triticum aestivum,CTIAPF,275,280,intestinal,trypsin+chymotrypsin_high_specificity,6,False,,0.5082786075736024,,True,True,True,4.395520758047959,40.22344298710647,True,predicted_ACE_candidate,preferred_screening_window,0,3,4.395520758047959,5.0,1.0
sp|P02863|GDA0_WHEAT Alpha/beta-gliadin OS=Triticum aestivum,GIF,281,283,intestinal,trypsin+chymotrypsin_high_specificity,3,False,,,,False,False,False,,,False,ACE_assay_required,small_possible,1,5,,28.0,1.0
sp|P02863|GDA0_WHEAT Alpha/beta-gliadin OS=Triticum aestivum,GTN,284,286,intestinal,trypsin+chymotrypsin_high_specificity,3,False,,,,False,False,False,,,False,ACE_assay_required,small_possible,1,5,,29.0,1.0
