protein_id,sequence,start,end,stage,enzymes,length,known_ace_positive_exact_match,measured_median_pIC50,ace_probability_exploratory,measured_median_IC50_uM,classifier_in_scope,ace_prediction_positive,ace_supported,predicted_pIC50_exploratory,predicted_IC50_uM_exploratory,regression_in_scope,ace_assessment_status,systemic_size_category,systemic_size_priority,evidence_tier,activity_sort_value,priority_rank,target_stage_occurrences,protein_locations,candidate_role,novel_candidate_rank,control_rank,relative_lab_priority_percentile,classifier_scope_note,ranking_reason
sp|P02863|GDA0_WHEAT Alpha/beta-gliadin OS=Triticum aestivum,VR,21,22,intestinal,trypsin+chymotrypsin_high_specificity,2,True,4.008773924307505,,98.00000000000006,False,False,True,,,False,known_ACE_with_measured_potency,small_possible,1,1,4.008773924307505,1,1.0,sp|P02863|GDA0_WHEAT Alpha/beta-gliadin OS=Triticum aestivum:21-22,positive_control_candidate,,1,100.0,not_applied_length_2_aa_model_scope_5_to_18_aa,exact_ACE_match_with_measured_pIC50
sp|P02863|GDA0_WHEAT Alpha/beta-gliadin OS=Triticum aestivum,AL,259,260,intestinal,trypsin+chymotrypsin_high_specificity,2,True,,,,False,False,True,,,False,known_ACE_without_measured_IC50,small_possible,1,2,,2,1.0,sp|P02863|GDA0_WHEAT Alpha/beta-gliadin OS=Triticum aestivum:259-260,positive_control_candidate,,2,97.1,not_applied_length_2_aa_model_scope_5_to_18_aa,exact_ACE_positive_evidence_match
sp|P02863|GDA0_WHEAT Alpha/beta-gliadin OS=Triticum aestivum,IPCMDVVL,144,151,intestinal,trypsin+chymotrypsin_high_specificity,8,False,,0.5828638367422823,,True,True,True,4.613131359657188,24.370735730613756,True,predicted_ACE_candidate,preferred_screening_window,0,3,4.613131359657188,3,1.0,sp|P02863|GDA0_WHEAT Alpha/beta-gliadin OS=Triticum aestivum:144-151,novel_discovery_candidate,1,,94.1,in_scope_5_to_18_aa,novel_candidate_ranked_by_model_predictions_and_size
sp|P02863|GDA0_WHEAT Alpha/beta-gliadin OS=Triticum aestivum,QTLPAMCNVY,261,270,intestinal,trypsin+chymotrypsin_high_specificity,10,False,,0.5719466307724828,,True,True,True,4.39763172628807,40.02840393689404,True,predicted_ACE_candidate,preferred_screening_window,0,3,4.39763172628807,4,1.0,sp|P02863|GDA0_WHEAT Alpha/beta-gliadin OS=Triticum aestivum:261-270,novel_discovery_candidate,2,,91.2,in_scope_5_to_18_aa,novel_candidate_ranked_by_model_predictions_and_size
sp|P02863|GDA0_WHEAT Alpha/beta-gliadin OS=Triticum aestivum,CTIAPF,275,280,intestinal,trypsin+chymotrypsin_high_specificity,6,False,,0.5082786075736024,,True,True,True,4.395520758047959,40.22344298710647,True,predicted_ACE_candidate,preferred_screening_window,0,3,4.395520758047959,5,1.0,sp|P02863|GDA0_WHEAT Alpha/beta-gliadin OS=Triticum aestivum:275-280,novel_discovery_candidate,3,,88.2,in_scope_5_to_18_aa,novel_candidate_ranked_by_model_predictions_and_size
sp|P02863|GDA0_WHEAT Alpha/beta-gliadin OS=Triticum aestivum,FPVPQL,23,28,intestinal,trypsin+chymotrypsin_high_specificity,6,False,,0.6081224806191791,,True,True,True,4.310212431734205,48.9539306489127,True,predicted_ACE_candidate,preferred_screening_window,0,3,4.310212431734205,6,1.0,sp|P02863|GDA0_WHEAT Alpha/beta-gliadin OS=Triticum aestivum:23-28,novel_discovery_candidate,4,,85.3,in_scope_5_to_18_aa,novel_candidate_ranked_by_model_predictions_and_size
sp|P02863|GDA0_WHEAT Alpha/beta-gliadin OS=Triticum aestivum,CCQHL,176,180,intestinal,trypsin+chymotrypsin_high_specificity,5,False,,0.5088420047401024,,True,True,True,4.230229848180869,58.85320952512863,True,predicted_ACE_candidate,preferred_screening_window,0,3,4.230229848180869,7,1.0,sp|P02863|GDA0_WHEAT Alpha/beta-gliadin OS=Triticum aestivum:176-180,novel_discovery_candidate,5,,82.4,in_scope_5_to_18_aa,novel_candidate_ranked_by_model_predictions_and_size
sp|P02863|GDA0_WHEAT Alpha/beta-gliadin OS=Triticum aestivum,GQGSF,227,231,intestinal,trypsin+chymotrypsin_high_specificity,5,False,,0.45346158981839424,,True,False,False,,,False,ACE_classification_negative,preferred_screening_window,0,4,,8,1.0,sp|P02863|GDA0_WHEAT Alpha/beta-gliadin OS=Triticum aestivum:227-231,novel_discovery_candidate,6,,79.4,in_scope_5_to_18_aa,novel_candidate_ranked_by_model_predictions_and_size
sp|P02863|GDA0_WHEAT Alpha/beta-gliadin OS=Triticum aestivum,QQSTY,165,169,intestinal,trypsin+chymotrypsin_high_specificity,5,False,,0.3575676288064738,,True,False,False,,,False,ACE_classification_negative,preferred_screening_window,0,4,,9,1.0,sp|P02863|GDA0_WHEAT Alpha/beta-gliadin OS=Triticum aestivum:165-169,novel_discovery_candidate,7,,76.5,in_scope_5_to_18_aa,novel_candidate_ranked_by_model_predictions_and_size
sp|P02863|GDA0_WHEAT Alpha/beta-gliadin OS=Triticum aestivum,QQHNIAHGR,152,160,intestinal,trypsin+chymotrypsin_high_specificity,9,False,,0.35329047037140404,,True,False,False,,,False,ACE_classification_negative,preferred_screening_window,0,4,,10,1.0,sp|P02863|GDA0_WHEAT Alpha/beta-gliadin OS=Triticum aestivum:152-160,novel_discovery_candidate,8,,73.5,in_scope_5_to_18_aa,novel_candidate_ranked_by_model_predictions_and_size
sp|P02863|GDA0_WHEAT Alpha/beta-gliadin OS=Triticum aestivum,HQQQK,202,206,intestinal,trypsin+chymotrypsin_high_specificity,5,False,,0.332697048538549,,True,False,False,,,False,ACE_classification_negative,preferred_screening_window,0,4,,11,1.0,sp|P02863|GDA0_WHEAT Alpha/beta-gliadin OS=Triticum aestivum:202-206,novel_discovery_candidate,9,,70.6,in_scope_5_to_18_aa,novel_candidate_ranked_by_model_predictions_and_size
sp|P02863|GDA0_WHEAT Alpha/beta-gliadin OS=Triticum aestivum,QQQQPSSQVSF,207,217,intestinal,trypsin+chymotrypsin_high_specificity,11,False,,0.32241520164757403,,True,False,False,,,False,ACE_classification_negative,preferred_screening_window,0,4,,12,1.0,sp|P02863|GDA0_WHEAT Alpha/beta-gliadin OS=Triticum aestivum:207-217,novel_discovery_candidate,10,,67.6,in_scope_5_to_18_aa,novel_candidate_ranked_by_model_predictions_and_size
sp|P02863|GDA0_WHEAT Alpha/beta-gliadin OS=Triticum aestivum,VQQQQF,45,50,intestinal,trypsin+chymotrypsin_high_specificity,6,False,,0.3156604123696122,,True,False,False,,,False,ACE_classification_negative,preferred_screening_window,0,4,,13,1.0,sp|P02863|GDA0_WHEAT Alpha/beta-gliadin OS=Triticum aestivum:45-50,novel_discovery_candidate,11,,64.7,in_scope_5_to_18_aa,novel_candidate_ranked_by_model_predictions_and_size
sp|P02863|GDA0_WHEAT Alpha/beta-gliadin OS=Triticum aestivum,SQPQPF,89,94,intestinal,trypsin+chymotrypsin_high_specificity,6,False,,0.26597151416463527,,True,False,False,,,False,ACE_classification_negative,preferred_screening_window,0,4,,14,1.0,sp|P02863|GDA0_WHEAT Alpha/beta-gliadin OS=Triticum aestivum:89-94,novel_discovery_candidate,12,,61.8,in_scope_5_to_18_aa,novel_candidate_ranked_by_model_predictions_and_size
sp|P02863|GDA0_WHEAT Alpha/beta-gliadin OS=Triticum aestivum,QQYPL,222,226,intestinal,trypsin+chymotrypsin_high_specificity,5,False,,0.2446676038037597,,True,False,False,,,False,ACE_classification_negative,preferred_screening_window,0,4,,15,1.0,sp|P02863|GDA0_WHEAT Alpha/beta-gliadin OS=Triticum aestivum:222-226,novel_discovery_candidate,13,,58.8,in_scope_5_to_18_aa,novel_candidate_ranked_by_model_predictions_and_size
sp|P02863|GDA0_WHEAT Alpha/beta-gliadin OS=Triticum aestivum,QPFPQPQLPY,79,88,intestinal,trypsin+chymotrypsin_high_specificity,10,False,,0.22132978741677398,,True,False,False,,,False,ACE_classification_negative,preferred_screening_window,0,4,,16,1.0,sp|P02863|GDA0_WHEAT Alpha/beta-gliadin OS=Triticum aestivum:79-88,novel_discovery_candidate,14,,55.9,in_scope_5_to_18_aa,novel_candidate_ranked_by_model_predictions_and_size
sp|P02863|GDA0_WHEAT Alpha/beta-gliadin OS=Triticum aestivum,QPQNPSQQQPQEQVPL,29,44,intestinal,trypsin+chymotrypsin_high_specificity,16,False,,0.34551222267172305,,True,False,False,,,False,ACE_classification_negative,limited_intact_absorption_expected,2,4,,17,1.0,sp|P02863|GDA0_WHEAT Alpha/beta-gliadin OS=Triticum aestivum:29-44,novel_discovery_candidate,15,,52.9,in_scope_5_to_18_aa,novel_candidate_ranked_by_model_predictions_and_size
sp|P02863|GDA0_WHEAT Alpha/beta-gliadin OS=Triticum aestivum,RPQQPYPQPQPQY,95,107,intestinal,trypsin+chymotrypsin_high_specificity,13,False,,0.28234924244594384,,True,False,False,,,False,ACE_classification_negative,limited_intact_absorption_expected,2,4,,18,1.0,sp|P02863|GDA0_WHEAT Alpha/beta-gliadin OS=Triticum aestivum:95-107,novel_discovery_candidate,16,,50.0,in_scope_5_to_18_aa,novel_candidate_ranked_by_model_predictions_and_size
sp|P02863|GDA0_WHEAT Alpha/beta-gliadin OS=Triticum aestivum,QQIL,136,139,intestinal,trypsin+chymotrypsin_high_specificity,4,False,,,,False,False,False,,,False,ACE_assay_required,preferred_screening_window,0,5,,19,1.0,sp|P02863|GDA0_WHEAT Alpha/beta-gliadin OS=Triticum aestivum:136-139,novel_discovery_candidate,17,,47.1,not_applied_length_4_aa_model_scope_5_to_18_aa,insufficient_model_scope_ranked_last
sp|P02863|GDA0_WHEAT Alpha/beta-gliadin OS=Triticum aestivum,QQQL,140,143,intestinal,trypsin+chymotrypsin_high_specificity,4,False,,,,False,False,False,,,False,ACE_assay_required,preferred_screening_window,0,5,,20,1.0,sp|P02863|GDA0_WHEAT Alpha/beta-gliadin OS=Triticum aestivum:140-143,novel_discovery_candidate,18,,44.1,not_applied_length_4_aa_model_scope_5_to_18_aa,insufficient_model_scope_ranked_last
sp|P02863|GDA0_WHEAT Alpha/beta-gliadin OS=Triticum aestivum,SQVL,161,164,intestinal,trypsin+chymotrypsin_high_specificity,4,False,,,,False,False,False,,,False,ACE_assay_required,preferred_screening_window,0,5,,21,1.0,sp|P02863|GDA0_WHEAT Alpha/beta-gliadin OS=Triticum aestivum:161-164,novel_discovery_candidate,19,,41.2,not_applied_length_4_aa_model_scope_5_to_18_aa,insufficient_model_scope_ranked_last
sp|P02863|GDA0_WHEAT Alpha/beta-gliadin OS=Triticum aestivum,QQPL,218,221,intestinal,trypsin+chymotrypsin_high_specificity,4,False,,,,False,False,False,,,False,ACE_assay_required,preferred_screening_window,0,5,,22,1.0,sp|P02863|GDA0_WHEAT Alpha/beta-gliadin OS=Triticum aestivum:218-221,novel_discovery_candidate,20,,38.2,not_applied_length_4_aa_model_scope_5_to_18_aa,insufficient_model_scope_ranked_last
sp|P02863|GDA0_WHEAT Alpha/beta-gliadin OS=Triticum aestivum,EEIR,253,256,intestinal,trypsin+chymotrypsin_high_specificity,4,False,,,,False,False,False,,,False,ACE_assay_required,preferred_screening_window,0,5,,23,1.0,sp|P02863|GDA0_WHEAT Alpha/beta-gliadin OS=Triticum aestivum:253-256,novel_discovery_candidate,21,,35.3,not_applied_length_4_aa_model_scope_5_to_18_aa,insufficient_model_scope_ranked_last
sp|P02863|GDA0_WHEAT Alpha/beta-gliadin OS=Triticum aestivum,IPPY,271,274,intestinal,trypsin+chymotrypsin_high_specificity,4,False,,,,False,False,False,,,False,ACE_assay_required,preferred_screening_window,0,5,,24,1.0,sp|P02863|GDA0_WHEAT Alpha/beta-gliadin OS=Triticum aestivum:271-274,novel_discovery_candidate,22,,32.4,not_applied_length_4_aa_model_scope_5_to_18_aa,insufficient_model_scope_ranked_last
sp|P02863|GDA0_WHEAT Alpha/beta-gliadin OS=Triticum aestivum,QL,77,78,intestinal,trypsin+chymotrypsin_high_specificity,2,False,,,,False,False,False,,,False,ACE_assay_required,small_possible,1,5,,25,2.0,sp|P02863|GDA0_WHEAT Alpha/beta-gliadin OS=Triticum aestivum:77-78;sp|P02863|GDA0_WHEAT Alpha/beta-gliadin OS=Triticum aestivum:170-171,novel_discovery_candidate,23,,29.4,not_applied_length_2_aa_model_scope_5_to_18_aa,insufficient_model_scope_ranked_last
sp|P02863|GDA0_WHEAT Alpha/beta-gliadin OS=Triticum aestivum,NL,257,258,intestinal,trypsin+chymotrypsin_high_specificity,2,False,,,,False,False,False,,,False,ACE_assay_required,small_possible,1,5,,26,1.0,sp|P02863|GDA0_WHEAT Alpha/beta-gliadin OS=Triticum aestivum:257-258,novel_discovery_candidate,24,,26.5,not_applied_length_2_aa_model_scope_5_to_18_aa,insufficient_model_scope_ranked_last
sp|P02863|GDA0_WHEAT Alpha/beta-gliadin OS=Triticum aestivum,QEL,173,175,intestinal,trypsin+chymotrypsin_high_specificity,3,False,,,,False,False,False,,,False,ACE_assay_required,small_possible,1,5,,27,1.0,sp|P02863|GDA0_WHEAT Alpha/beta-gliadin OS=Triticum aestivum:173-175,novel_discovery_candidate,25,,23.5,not_applied_length_3_aa_model_scope_5_to_18_aa,insufficient_model_scope_ranked_last
sp|P02863|GDA0_WHEAT Alpha/beta-gliadin OS=Triticum aestivum,GIF,281,283,intestinal,trypsin+chymotrypsin_high_specificity,3,False,,,,False,False,False,,,False,ACE_assay_required,small_possible,1,5,,28,1.0,sp|P02863|GDA0_WHEAT Alpha/beta-gliadin OS=Triticum aestivum:281-283,novel_discovery_candidate,26,,20.6,not_applied_length_3_aa_model_scope_5_to_18_aa,insufficient_model_scope_ranked_last
sp|P02863|GDA0_WHEAT Alpha/beta-gliadin OS=Triticum aestivum,GTN,284,286,intestinal,trypsin+chymotrypsin_high_specificity,3,False,,,,False,False,False,,,False,ACE_assay_required,small_possible,1,5,,29,1.0,sp|P02863|GDA0_WHEAT Alpha/beta-gliadin OS=Triticum aestivum:284-286,novel_discovery_candidate,27,,17.6,not_applied_length_3_aa_model_scope_5_to_18_aa,insufficient_model_scope_ranked_last
sp|P02863|GDA0_WHEAT Alpha/beta-gliadin OS=Triticum aestivum,QIPEQSQCQAIHNVVHAIIL,182,201,intestinal,trypsin+chymotrypsin_high_specificity,20,False,,,,False,False,False,,,False,ACE_assay_required,limited_intact_absorption_expected,2,5,,30,1.0,sp|P02863|GDA0_WHEAT Alpha/beta-gliadin OS=Triticum aestivum:182-201,novel_discovery_candidate,28,,14.7,not_applied_length_20_aa_model_scope_5_to_18_aa,insufficient_model_scope_ranked_last
sp|P02863|GDA0_WHEAT Alpha/beta-gliadin OS=Triticum aestivum,RPSQQNPQAQGSVQPQQLPQF,232,252,intestinal,trypsin+chymotrypsin_high_specificity,21,False,,,,False,False,False,,,False,ACE_assay_required,limited_intact_absorption_expected,2,5,,31,1.0,sp|P02863|GDA0_WHEAT Alpha/beta-gliadin OS=Triticum aestivum:232-252,novel_discovery_candidate,29,,11.8,not_applied_length_21_aa_model_scope_5_to_18_aa,insufficient_model_scope_ranked_last
sp|P02863|GDA0_WHEAT Alpha/beta-gliadin OS=Triticum aestivum,GQQQPFPPQQPYPQPQPFPSQLPY,52,75,intestinal,trypsin+chymotrypsin_high_specificity,24,False,,,,False,False,False,,,False,ACE_assay_required,limited_intact_absorption_expected,2,5,,32,1.0,sp|P02863|GDA0_WHEAT Alpha/beta-gliadin OS=Triticum aestivum:52-75,novel_discovery_candidate,30,,8.8,not_applied_length_24_aa_model_scope_5_to_18_aa,insufficient_model_scope_ranked_last
sp|P02863|GDA0_WHEAT Alpha/beta-gliadin OS=Triticum aestivum,SQPQQPISQQQQQQQQQQQQQQQQQQIL,108,135,intestinal,trypsin+chymotrypsin_high_specificity,28,False,,,,False,False,False,,,False,ACE_assay_required,limited_intact_absorption_expected,2,5,,33,1.0,sp|P02863|GDA0_WHEAT Alpha/beta-gliadin OS=Triticum aestivum:108-135,novel_discovery_candidate,31,,5.9,not_applied_length_28_aa_model_scope_5_to_18_aa,insufficient_model_scope_ranked_last
sp|P02863|GDA0_WHEAT Alpha/beta-gliadin OS=Triticum aestivum,L,76,76,intestinal,trypsin+chymotrypsin_high_specificity,1,False,,,,False,False,False,,,False,ACE_assay_required,too_small_for_peptide_model,3,5,,34,3.0,sp|P02863|GDA0_WHEAT Alpha/beta-gliadin OS=Triticum aestivum:51-51;sp|P02863|GDA0_WHEAT Alpha/beta-gliadin OS=Triticum aestivum:76-76;sp|P02863|GDA0_WHEAT Alpha/beta-gliadin OS=Triticum aestivum:172-172,novel_discovery_candidate,32,,2.9,not_applied_length_1_aa_model_scope_5_to_18_aa,insufficient_model_scope_ranked_last
sp|P02863|GDA0_WHEAT Alpha/beta-gliadin OS=Triticum aestivum,W,181,181,intestinal,trypsin+chymotrypsin_high_specificity,1,False,,,,False,False,False,,,False,ACE_assay_required,too_small_for_peptide_model,3,5,,35,1.0,sp|P02863|GDA0_WHEAT Alpha/beta-gliadin OS=Triticum aestivum:181-181,novel_discovery_candidate,33,,0.0,not_applied_length_1_aa_model_scope_5_to_18_aa,insufficient_model_scope_ranked_last
